Location_Category,Number_of_Drivers,Number_of_Riders,Revenue,Total_Cost,Total_Profit,Revenue_Per_Minute,Profit_Per_Minute
Urban,45,90,25583.15457,284.257273,25298.8973,284.257273,281.0988589
Suburban,39,58,10084.73566,173.8747527,9910.860907,234.5287363,230.4851374
Rural,31,42,13851.4097,329.795469,13521.61423,182.2553907,177.9159767
Rural,28,89,41847.90963,470.2012318,41377.70839,312.297833,308.7888686
Rural,22,78,45215.15094,579.6814224,44635.46952,303.4573889,299.5669095
Urban,35,59,20057.36628,339.9553606,19717.41092,156.698174,154.0422728
Suburban,43,93,9677.723338,104.0615413,9573.661797,604.8577087,598.3538623
Rural,39,62,14620.33554,235.8118636,14384.52368,311.0709689,306.0536953
Rural,14,79,39611.58888,501.4125175,39110.17636,309.4655381,305.5482528
Rural,6,42,16757.72131,398.9933646,16358.72795,130.9196977,127.8025621
Urban,17,86,57559.68188,669.2986265,56890.38325,344.6687537,340.6609775
Rural,38,60,24899.40628,414.9901047,24484.41618,172.9125436,170.0306679
Rural,8,24,11769.85732,490.4107217,11279.4466,71.76742269,68.77711341
Suburban,24,36,10664.74354,296.242876,10368.50066,128.490886,124.9216947
Rural,13,63,20606.59849,327.0888649,20279.50962,202.0254754,198.8187218
Urban,12,39,17360.33787,445.1368684,16915.201,124.0024133,120.8228643
Rural,28,38,9292.37453,244.5361718,9047.838358,172.0810098,167.5525622
Suburban,14,46,2176.458197,47.31430863,2129.143889,145.0972131,141.9429259
Suburban,7,33,4283.672676,129.8082629,4153.864413,194.7123944,188.8120188
Suburban,7,31,11871.39142,382.9481103,11488.44331,136.4527749,132.0510725
Urban,45,96,7946.188146,82.77279318,7863.415352,722.3807405,714.8559411
Suburban,11,22,1409.565796,64.07117256,1345.494624,93.97105308,89.69964158
Rural,16,74,28909.48867,390.6687658,28518.81991,207.9819329,205.1713662
Urban,12,24,5091.996599,212.166525,4879.830074,113.15548,108.4406683
Suburban,19,48,11311.59042,235.6581337,11075.93228,174.024468,170.3989582
Rural,13,56,22767.21989,406.5574981,22360.66239,140.5383944,138.0287802
Rural,33,72,13138.15875,182.4744271,12955.68432,437.9386249,431.856144
Urban,75,97,63303.87784,652.6172973,62651.26054,400.6574547,396.5269654
Suburban,33,62,25000.0801,403.2270984,24596.853,193.7990705,190.6732791
Suburban,38,57,30653.73699,537.7848595,30115.95213,233.9979923,229.8927643
Suburban,7,25,7153.286314,286.1314526,6867.154862,88.31217672,84.77968965
Suburban,56,75,36379.09975,485.0546633,35894.04509,237.7718938,234.6016019
Urban,9,39,6672.353357,171.0859835,6501.267374,139.0073616,135.4430703
Suburban,24,35,17005.74588,485.8784537,16519.86743,161.9594846,157.3320707
Suburban,32,68,20041.83628,294.7328865,19747.10339,260.2835881,256.4558882
Rural,43,96,37712.51716,392.8387204,37319.67844,414.4232655,410.1063565
Suburban,11,28,12773.06651,456.1809468,12316.88556,135.8836863,131.0306975
Rural,15,25,12563.23302,502.5293208,12060.7037,124.3884457,119.4129079
Suburban,6,28,6838.094526,244.2176617,6593.876865,76.83252277,74.0885041
Rural,17,73,46335.03678,634.7265312,45700.31025,272.5590399,268.8253544
Urban,18,36,12434.64366,345.4067683,12089.23689,135.1591702,131.4047488
Urban,10,56,8464.51926,151.1521296,8313.367131,188.100428,184.7414918
Suburban,81,97,51483.71941,530.7599939,50952.95941,411.8697553,407.6236753
Rural,9,63,30419.56034,482.8501642,29936.71018,183.2503635,180.3416276
Urban,33,78,27764.84158,355.9595075,27408.88208,239.3520826,236.2834662
Suburban,10,29,8814.867916,303.9609626,8510.906953,96.86668039,93.52645003
Suburban,33,73,37586.03372,514.8771742,37071.15655,233.4536256,230.2556307
Urban,29,94,33946.44137,361.132355,33585.30901,353.6087642,349.8469689
Suburban,28,54,4334.17309,80.26246462,4253.910625,135.442909,132.934707
Rural,6,67,28181.80206,420.6239113,27761.17815,229.1203419,225.7006353
Urban,8,23,11980.53142,520.8926706,11459.63875,102.3977045,97.94563037
Urban,14,70,12815.30537,183.075791,12632.22958,241.7982146,238.3439544
Rural,10,20,3802.749272,190.1374636,3612.611808,58.50383495,55.5786432
Suburban,84,95,49618.69977,522.3021029,49096.39767,443.0241051,438.3606935
Urban,16,43,17659.51283,410.6863449,17248.82649,166.5991777,162.7247782
Suburban,55,97,56744.5995,584.9958711,56159.60363,378.29733,374.3973575
Rural,20,32,9651.924046,301.6226264,9350.30142,141.9400595,137.5044326
Suburban,25,95,39290.77298,413.587084,38877.1859,306.9591639,303.7280148
Urban,15,47,12836.55092,273.1181046,12563.43281,144.2309092,141.1621664
Rural,11,25,6179.364066,247.1745627,5932.189504,65.7379156,63.10839897
Rural,22,37,7897.400279,213.4432508,7683.957029,114.4550765,111.3616961
Suburban,39,59,17451.86843,295.7943802,17156.07405,178.0802901,175.0619801
Urban,20,42,6092.931985,145.0698092,5947.862176,210.1011029,205.0986957
Rural,11,53,15741.9872,297.0186264,15444.96857,194.345521,190.6786244
Rural,64,79,52668.2753,666.6870291,52001.58827,321.1480201,317.0828553
Urban,23,59,26523.1924,449.5456339,26073.64677,291.4636528,286.5235908
Urban,29,40,24999.4404,624.98601,24374.45439,170.0642204,165.8126149
Suburban,40,76,7298.675847,96.03520852,7202.640639,260.6669945,257.2371657
Urban,26,41,26148.13506,637.7593916,25510.37566,154.7226926,150.9489684
Urban,14,83,24533.86302,295.588711,24238.2743,383.3416096,378.723036
Rural,17,44,15546.89599,353.3385451,15193.55744,158.6417958,155.0363004
Urban,73,91,5665.140428,62.25429042,5602.886138,377.6760285,373.5257425
Suburban,16,54,14367.70386,266.0685899,14101.63527,214.4433411,210.4721682
Rural,37,59,20067.56776,340.1282671,19727.43949,211.2375554,207.6572578
Suburban,43,72,31914.58719,443.2581554,31471.32903,241.7771756,238.4191593
Rural,9,47,12457.5979,265.0552744,12192.54262,129.7666448,127.0056523
Rural,22,32,7085.900335,221.4343855,6864.46595,118.0983389,114.4077658
Rural,13,45,17695.3873,393.2308288,17302.15647,157.9945294,154.4835399
Urban,45,72,10913.7891,151.5804041,10762.20869,272.8447274,269.0552173
Urban,15,56,17583.72026,313.9950046,17269.72525,225.432311,221.406734
Rural,22,42,15378.36409,366.1515261,15012.21257,187.5410255,183.075763
Suburban,14,52,22150.62558,425.9735688,21724.65201,226.0267916,221.6801226
Urban,23,81,29083.30337,359.053128,28724.25024,203.3797438,200.8688828
Rural,25,77,20046.50185,260.3441798,19786.15767,385.5096509,380.5030321
Urban,6,27,8648.146148,320.3017092,8327.844439,100.5598389,96.83540045
Rural,34,74,33632.41699,454.4921215,33177.92487,240.23155,236.9851777
Urban,69,92,4150.582181,45.1150237,4105.467157,230.5878989,228.0815087
Rural,34,77,17221.9828,223.6621143,16998.32069,358.7913083,354.131681
Rural,6,66,11428.41178,173.1577543,11255.25403,253.9647063,250.1167562
Urban,39,77,45602.51847,592.2404996,45010.27797,273.0689729,269.5226226
Urban,16,35,13275.77336,379.3078104,12896.46555,117.48472,114.1280138
Rural,38,48,17314.13618,360.7111703,16953.42501,216.4267022,211.9178126
Rural,18,61,12413.04972,203.4926184,12209.5571,214.0180986,210.5096052
Suburban,21,71,39301.70428,553.5451308,38748.15915,311.918288,307.5250727
Rural,7,95,26929.31204,283.4664425,26645.8456,283.4664425,280.4825853
Suburban,44,76,33071.04623,435.1453451,32635.90088,314.962345,310.8181037
Suburban,13,32,21944.58005,685.7681265,21258.81192,140.6703849,136.2744354
Rural,30,49,30912.18346,630.8608869,30281.32257,200.728464,196.6319647
Urban,17,38,20753.96124,546.1568748,20207.80437,150.3910235,146.433365
Suburban,35,92,10612.84423,115.3570025,10497.48723,235.840983,233.277494
Suburban,29,40,16161.99581,404.0498951,15757.94591,106.3289198,103.6706968
Suburban,42,55,8582.108144,156.0383299,8426.069814,190.7135143,187.2459959
Rural,34,58,29073.25139,501.2629551,28571.98844,221.9332167,218.106782
Urban,5,34,19122.8572,562.4369765,18560.42022,125.808271,122.1080278
Suburban,47,70,15176.17326,216.8024751,14959.37078,286.3428916,282.2522789
Rural,24,51,6124.625199,120.0906902,6004.534508,382.7890749,375.2834068
Rural,56,88,19461.87349,221.1576533,19240.71583,324.3645581,320.6785972
Suburban,8,25,12317.53177,492.7012709,11824.8305,101.7977832,97.72587192
Rural,19,34,25643.97232,754.23448,24889.73784,154.481761,149.9381798
Urban,15,40,8461.109153,211.5277288,8249.581424,201.4549798,196.4186053
Suburban,7,26,11979.74116,460.7592754,11518.98188,74.40833019,71.54647133
Suburban,42,81,13292.70536,164.1074735,13128.59788,282.8235182,279.3318699
Suburban,56,80,17095.69704,213.696213,16882.00083,397.5743498,392.6046704
Rural,19,64,46911.32135,732.9893961,46178.33196,274.3352126,270.0487249
Rural,18,45,15777.05412,350.6012026,15426.45291,116.0077509,113.4298008
Urban,49,84,16201.90372,192.8798062,16009.02392,305.6962966,302.057055
Urban,16,34,9999.937399,294.1158059,9705.821593,107.5262086,104.363673
Suburban,32,67,5529.120579,82.52418775,5446.596391,425.3169676,418.9689532
Suburban,23,93,35913.72346,386.1690694,35527.55439,287.3097876,284.2204351
Urban,51,100,31090.03273,310.9003273,30779.1324,349.3262104,345.8329483
Suburban,22,35,13088.69942,373.9628407,12714.73658,109.0724952,105.9561382
Rural,13,36,7975.839605,221.5511001,7754.288505,112.3357691,109.2153311
Suburban,18,28,14871.15563,531.112701,14340.04293,117.0957136,112.9137238
Urban,9,21,6823.795417,324.9426389,6498.852778,63.1832909,60.17456276
Urban,15,26,12828.5792,493.4068923,12335.17231,79.68061615,76.61597707
Suburban,21,97,75527.43553,778.633356,74748.80218,434.0657215,429.5908171
Urban,15,26,18724.08742,720.1572086,18003.93021,109.4975873,105.2861416
Urban,56,91,3479.406407,38.23523524,3441.171171,347.9406407,344.1171171
Rural,48,65,37283.29192,573.5891065,36709.70281,266.309228,262.2121629
Urban,28,88,60017.42973,682.016247,59335.41349,389.7235697,385.2948928
Suburban,13,82,42347.81164,516.4367273,41831.37491,286.1338624,282.6444251
Urban,40,65,32013.77416,492.5196024,31521.25455,264.5766459,260.506236
Urban,6,41,2018.626144,49.234784,1969.39136,183.5114676,179.0355782
Rural,36,85,43068.89532,506.6928861,42562.20243,283.3479955,280.0144897
Rural,13,35,10650.96688,304.3133395,10346.65354,114.5265256,111.2543392
Urban,29,83,9227.885323,111.1793412,9116.705981,401.2124053,396.3785209
Urban,31,91,14852.52708,163.2145833,14689.3125,380.8340277,376.6490384
Rural,28,44,17725.70754,402.8569895,17322.85055,134.2856632,131.2337163
Suburban,12,96,27766.57832,289.2351909,27477.34313,308.5175369,305.3038126
Suburban,46,77,11591.5257,150.5392948,11440.98641,463.661028,457.6394562
Rural,80,91,17739.1359,194.9355593,17544.20034,385.6333891,381.3956596
Rural,42,93,62742.31083,674.6485036,62067.66233,392.1394427,387.9228896
Rural,9,41,22613.8466,551.557234,22062.28936,150.7589773,147.0819291
Suburban,44,61,8065.10064,132.2147646,7932.885875,155.0980892,152.5554976
Urban,10,83,5819.281401,70.11182411,5749.169577,253.0122348,249.9638947
Rural,22,59,20430.79787,346.2847096,20084.51316,219.6859986,215.9625071
Suburban,31,42,4285.878671,102.0447303,4183.83394,329.6829747,321.83338
Suburban,16,81,40025.35452,494.1401793,39531.21434,320.2028362,316.2497148
Rural,19,72,13223.39866,183.6583147,13039.74034,293.8533035,289.7720076
Rural,9,43,18771.97885,436.5576476,18335.4212,148.9839591,145.5192159
Urban,33,74,2320.794018,31.36208132,2289.431937,232.0794018,228.9431937
Rural,45,68,21996.57943,323.4791093,21673.10032,196.3980307,193.5098243
Urban,13,36,18193.82605,505.3840569,17688.44199,129.9559004,126.3460142
Urban,5,51,16363.7387,320.8576216,16042.88108,177.866725,174.3791422
Urban,23,63,13517.6613,214.5660524,13303.09525,275.8706389,271.4917398
Urban,29,96,72816.14721,758.5015334,72057.64568,413.7281091,409.4184413
Suburban,59,94,62578.57621,665.7295341,61912.84667,357.591864,353.7876953
Suburban,32,74,12658.91086,171.0663629,12487.84449,333.1292331,328.6274867
Rural,13,91,58909.09007,647.3526381,58261.73743,368.1818129,364.1358589
Suburban,12,69,41960.84856,608.12824,41352.72032,265.5749909,261.726078
Rural,20,51,12593.06917,246.9229249,12346.14625,187.9562563,184.2708395
Rural,17,45,19352.99387,430.0665305,18922.92734,130.7634721,127.8576172
Suburban,34,92,36490.76525,396.6387527,36094.1265,260.6483232,257.8151893
Suburban,36,69,30084.78995,436.0114486,29648.77851,276.0072473,272.0071422
Suburban,14,56,11364.94558,202.9454569,11162.00013,236.7696997,232.5416693
Rural,26,43,31466.61255,731.7816872,30734.83086,179.8092146,175.6276049
Urban,48,86,18580.34714,216.0505481,18364.29659,221.1946088,218.6225784
Urban,34,61,5115.969728,83.8683562,5032.101372,511.5969728,503.2101372
Suburban,36,50,28612.10246,572.2420493,28039.86042,197.3248446,193.3783477
Urban,34,73,8672.914463,118.8070474,8554.107415,412.9959268,407.3384484
Urban,7,76,18687.91141,245.8935712,18442.01784,259.5543251,256.1391367
Urban,41,87,33678.72141,387.1117403,33291.60967,387.1117403,382.6621801
Rural,33,53,26921.38046,507.9505747,26413.42988,193.6789961,190.0246754
Suburban,8,71,17700.5112,249.3029746,17451.20822,236.006816,232.6827763
Rural,5,32,1469.347582,45.91711193,1423.43047,104.9533987,101.673605
Suburban,30,91,38639.69726,424.6120578,38215.0852,402.4968465,398.0738042
Suburban,37,47,4040.758039,85.9735753,3954.784464,130.3470335,127.5736924
Rural,13,23,7566.24083,328.9669926,7237.273837,86.9682854,83.1870556
Rural,20,57,9839.877747,172.6294341,9667.248312,185.6580707,182.4009116
Suburban,17,48,12573.28958,261.9435329,12311.34604,147.9210538,144.8393652
Urban,5,22,4378.916967,199.0416803,4179.875287,78.19494584,74.64063012
Urban,19,60,13937.00729,232.2834549,13704.72384,204.9559896,201.5400565
Rural,42,94,17419.31278,185.3118381,17234.00094,483.8697995,478.7222484
Suburban,6,43,6611.741907,153.7614397,6457.980467,275.4892461,269.0825195
Suburban,18,97,12268.28212,126.4771353,12141.80499,471.8570047,466.9924995
Rural,17,47,28646.6799,609.5038276,28037.17607,165.5877451,162.0646016
Urban,28,39,11199.33507,287.1624376,10912.17263,128.7279893,125.4272716
Suburban,39,50,20316.24033,406.3248065,19909.91552,146.1600023,143.2368023
Urban,17,35,8716.298943,249.0371127,8467.26183,142.8901466,138.807571
Suburban,8,28,17385.24736,620.9016916,16764.34567,99.34427065,95.79626098
Rural,32,51,13620.09579,267.0607017,13353.03508,267.0607017,261.8242173
Suburban,12,54,38650.75883,715.7547931,37935.00403,224.7137141,220.552349
Urban,10,65,27975.05671,430.3854879,27544.67123,164.5591571,162.0274778
Rural,26,61,36860.65587,604.273047,36256.38282,292.5448878,287.74907
Suburban,9,46,11202.15291,243.5250632,10958.62784,238.3436788,233.1622945
Urban,50,73,12863.65169,176.2144067,12687.43729,285.8589265,281.9430508
Urban,49,86,40547.24836,471.4796321,40075.76873,311.9019105,308.2751441
Suburban,7,75,34003.2712,453.3769494,33549.89425,253.7557553,250.3723452
Suburban,29,39,9793.184952,251.1073065,9542.077645,100.9606696,98.37193449
Rural,6,33,17219.46339,521.8019208,16697.66147,123.8810316,120.1270609
Suburban,29,40,13859.70606,346.4926515,13513.21341,195.2071276,190.3269494
Suburban,35,54,12639.85849,234.0714535,12405.78704,164.1540064,161.1141174
Urban,26,53,9753.295919,184.0244513,9569.271468,187.5633831,184.0244513
Urban,34,81,44945.84424,554.8869659,44390.95727,274.0600258,270.6765687
Urban,20,45,8667.889759,192.6197724,8475.269986,137.5855517,134.528095
Urban,9,20,4555.930496,227.7965248,4328.133971,51.19023029,48.63071878
Rural,22,47,19580.2775,416.601649,19163.67585,164.5401471,161.0392929
Urban,18,33,22166.52337,671.7128294,21494.81054,151.8255025,147.2247297
Rural,57,78,43105.90217,552.6397714,42553.2624,339.4165525,335.0650583
Rural,12,26,8355.682533,321.3724051,8034.310128,72.65810898,69.86356633
Rural,21,62,13356.89994,215.4338699,13141.46607,238.5160703,234.6690369
Suburban,59,84,63755.67435,758.9961232,62996.67823,388.7541119,384.1260868
Urban,8,49,34026.81103,694.4247149,33332.38631,216.7312804,212.3081931
Suburban,22,34,20990.34943,617.3632185,20372.98621,119.263349,115.7556035
Rural,30,49,16103.13308,328.635369,15774.49771,233.3787403,228.6159089
Rural,50,83,31232.90498,376.3000601,30856.60492,312.3290498,308.5660492
Urban,5,88,6177.934696,70.20380337,6107.730893,228.8123962,226.2122553
Suburban,71,90,40651.63785,451.684865,40199.95298,243.4229811,240.7182813
Rural,5,65,19591.25524,301.4039268,19289.85131,164.632397,162.0995909
Urban,28,73,11197.91319,153.3960711,11044.51712,211.281381,208.3871155
Suburban,62,85,28871.29586,339.6623042,28531.63355,253.2569812,250.2774873
Rural,27,65,47673.76488,733.4425367,46940.32235,294.2824993,289.7550762
Urban,42,74,15083.89219,203.836381,14880.05581,195.8947038,193.2474781
Rural,7,41,11664.8632,284.5088586,11380.35434,176.7403516,172.4296113
Urban,23,79,38876.96321,492.1134584,38384.84975,237.0546537,234.0539619
Urban,7,53,4568.13253,86.19117981,4481.94135,456.813253,448.194135
Urban,14,35,25475.83307,727.8809448,24747.95212,145.576189,141.4168693
Rural,40,53,8408.590007,158.6526416,8249.937366,280.2863336,274.9979122
Urban,23,36,1602.901318,44.52503661,1558.376281,114.4929513,111.3125915
Urban,25,38,17192.18142,452.4258269,16739.75559,134.3139174,130.7793406
Rural,36,52,7937.304919,152.6404792,7784.66444,220.4806922,216.2406789
Suburban,64,91,38240.43577,420.2245689,37820.2112,398.3378726,393.9605333
Urban,5,87,13168.25916,151.3593007,13016.89986,313.5299799,309.9261871
Suburban,20,96,23258.10871,242.2719657,23015.83674,327.5789959,324.1667147
Urban,59,83,9881.030013,119.0485544,9761.981458,318.7429036,314.9026277
Rural,23,48,22683.33796,472.5695408,22210.76842,130.3640113,127.6480944
Suburban,19,65,21752.20779,334.6493506,21417.55844,226.5854978,223.0995671
Suburban,29,79,32080.75653,406.0855257,31674.671,252.6043821,249.4068583
Suburban,22,100,55136.51376,551.3651376,54585.14862,391.0391047,387.1287136
Suburban,63,73,38983.3282,534.0181946,38449.31001,302.1963427,298.0566667
Rural,67,79,39597.6677,501.2363001,39096.4314,262.23621,258.9167643
Rural,55,88,14045.40884,159.6069186,13885.80192,540.2080323,534.0693047
Suburban,34,76,27344.87987,359.801051,26985.07882,265.4842706,261.9910565
Suburban,30,49,17084.80856,348.6695625,16736.139,200.9977478,196.8957529
Rural,64,100,49050.4076,490.504076,48559.90352,426.5252835,422.2600306
Rural,26,87,42254.44184,485.6832395,41768.7586,358.0884901,353.9725305
Rural,5,22,9348.405224,424.9275102,8923.477714,94.4283356,90.13613853
Rural,11,21,849.3007037,40.44289065,808.8578131,70.77505864,67.40481775
Suburban,57,93,24033.51712,258.4249153,23775.09221,300.418964,297.1886526
Rural,15,28,14334.02295,511.929391,13822.09356,80.9831805,78.09092405
Urban,7,97,42849.42999,441.746701,42407.68329,291.492721,288.4876414
Urban,12,48,8424.866608,175.5180543,8249.348554,263.2770815,257.7921423
Urban,37,70,46100.83994,658.5834277,45442.25651,274.4097615,270.4896221
Rural,12,78,23344.69746,299.2909931,23045.40647,245.7336575,242.583226
Rural,7,25,12370.06998,494.8027992,11875.26718,85.90326375,82.4671332
Urban,9,24,5364.456287,223.519012,5140.937275,77.74574329,74.50633732
Rural,37,92,39980.53668,434.5710508,39545.96562,388.1605502,383.9414138
Rural,33,43,27108.42125,630.4284013,26477.99285,170.4932154,166.5282569
Urban,23,96,42732.03947,445.1254111,42286.91406,474.8004385,469.8546006
Rural,46,88,31854.72584,361.985521,31492.74032,442.4267478,437.3991712
Suburban,43,83,22184.42236,267.2821971,21917.14016,352.1336883,347.8911137
Urban,29,50,25947.73815,518.954763,25428.78339,181.4527143,177.82366
Urban,75,97,55822.86457,575.4934492,55247.37112,342.4715618,338.9409271
Suburban,24,84,29353.23016,349.4432162,29003.78695,341.3166298,337.2533366
Suburban,40,68,18987.9777,279.2349662,18708.74274,279.2349662,275.1285697
Urban,30,77,53110.62029,689.7483155,52420.87198,296.7073759,292.8540334
Urban,67,82,7278.561375,88.76294359,7189.798431,220.5624659,217.8726797
Suburban,8,21,13057.72334,621.7963495,12435.92699,76.3609552,72.72471924
Rural,24,75,23071.64621,307.6219494,22764.02426,320.4395306,316.1670036
Urban,9,61,10517.04241,172.4105313,10344.63188,328.6575752,323.2697461
Suburban,13,90,39982.07719,444.2453021,39537.83189,317.3180729,313.7923166
Suburban,21,100,55689.67118,556.8967118,55132.77447,341.6544244,338.2378802
Suburban,31,93,33045.18552,355.3245755,32689.86094,327.1800546,323.6619895
Urban,14,92,43699.79199,474.9977391,43224.79425,328.5698646,324.998453
Rural,12,61,35500.24507,581.9712306,34918.27384,199.439579,196.1700777
Suburban,12,53,35162.28805,663.4393972,34498.84866,228.3265458,224.0184978
Urban,21,55,28570.82208,519.4694924,28051.35259,213.2150902,209.3384522
Rural,45,57,22668.44116,397.6919501,22270.74921,202.3967961,198.8459751
Suburban,8,34,13195.81582,388.1122299,12807.70359,101.5062755,98.52079682
Suburban,11,50,29555.0038,591.100076,28963.90372,205.2430819,201.1382203
Rural,22,35,20537.96022,586.7988633,19951.16135,118.0342541,114.6618469
Suburban,14,43,27903.11895,648.9097429,27254.2092,208.2322309,203.3896209
Suburban,25,50,37316.95662,746.3391325,36570.61749,212.0281626,207.7875994
Urban,19,55,30530.37283,555.0976878,29975.27514,236.6695568,232.3664739
Urban,67,93,38865.92214,417.9131413,38448.009,446.7347372,441.9311379
Urban,69,94,9193.288004,97.80093622,9095.487068,510.7382225,505.3048371
Urban,60,70,13516.23784,193.089112,13323.14873,314.3311126,309.8406681
Suburban,25,36,17728.70442,492.4640116,17236.24041,134.3083668,130.5775788
Suburban,9,37,15126.17827,408.8156288,14717.36264,121.9853086,118.6884084
Urban,46,68,24763.00205,364.1617948,24398.84025,213.4741556,210.3348298
Suburban,15,77,17605.54934,228.6434979,17376.90584,266.7507475,263.2864521
Suburban,12,27,18034.55356,667.946428,17366.60713,121.0372722,116.5544103
Suburban,56,90,36930.84381,410.342709,36520.5011,405.8334484,401.3241879
Suburban,23,46,32679.28615,710.4192642,31968.86689,193.3685571,189.1648928
Urban,80,96,17011.49432,177.2030658,16834.29125,243.0213474,240.4898751
Rural,6,80,5946.270382,74.32837978,5871.942002,247.7612659,244.6642501
Suburban,31,80,31384.2208,392.3027601,30991.91804,247.1198489,244.0308507
Suburban,25,64,10791.05244,168.6101943,10622.44224,291.6500658,287.0930335
Rural,42,57,33473.71383,587.2581373,32886.45569,200.4414002,196.9248844
Rural,7,52,29326.97702,563.9803273,28762.99669,162.9276501,159.7944261
Urban,56,69,24311.97738,352.3474983,23959.62988,209.5860119,206.5485335
Suburban,54,67,27825.60498,415.3075369,27410.29744,252.9600452,249.1845222
Rural,7,25,5105.396082,204.2158433,4901.180239,85.08993471,81.68633732
Rural,35,80,25572.16561,319.6520701,25252.51354,323.6982988,319.6520701
Suburban,6,73,26429.89314,362.0533307,26067.83981,372.2520161,367.1526734
Urban,6,24,9299.412907,387.4755378,8911.93737,87.73031045,84.07488085
Rural,14,37,12907.57205,348.8532987,12558.71875,151.8537889,147.7496324
Rural,6,27,19772.05984,732.2985127,19039.76133,125.9366869,121.2723652
Urban,11,23,7904.459068,343.6721334,7560.786935,59.43202307,56.84802206
Rural,8,42,25188.08264,599.7162532,24588.36638,151.7354376,148.1226891
Urban,39,74,35871.83588,484.7545389,35387.08134,207.3516525,204.5496031
Urban,30,68,39518.29905,581.1514566,38937.14759,294.9126794,290.5757283
Suburban,9,59,35598.54469,603.3651643,34995.17953,254.2753192,249.9655681
Rural,75,89,32917.06309,369.8546415,32547.20845,299.2460281,295.8837132
Suburban,35,81,57419.29151,708.8801421,56710.41137,329.9959282,325.9219044
Suburban,8,33,6792.639167,205.8375505,6586.801616,121.297128,117.6214574
Urban,28,75,51342.05275,684.5607033,50657.49204,314.9819187,310.7821598
Suburban,48,87,39433.1093,453.2541299,38979.85517,243.4142549,240.6163899
Suburban,37,56,23104.75093,412.584838,22692.16609,177.7288533,174.5551238
Urban,32,75,33033.31783,440.4442377,32592.87359,344.0970607,339.5090999
Rural,54,99,23922.43043,241.6407114,23680.78972,392.1709906,388.2096675
Rural,16,33,6642.653552,201.2925319,6441.361021,132.853071,128.8272204
Rural,28,41,9022.096752,220.0511403,8802.045612,200.4910389,195.6010136
Suburban,19,55,38660.23788,702.913416,37957.32446,223.4695831,219.4064998
Rural,51,93,40122.2144,431.4216603,39690.79274,445.8023823,441.0088083
Urban,35,54,25210.58478,466.8626811,24743.7221,262.6102581,257.7471052
Urban,20,34,15134.29628,445.1263612,14689.16992,95.78668531,92.96942986
Suburban,18,86,37980.85571,441.6378571,37539.21786,301.4353628,297.9303004
Suburban,27,85,56909.28599,669.5210117,56239.76498,362.4795286,358.2150636
Suburban,5,74,26224.50565,354.3852115,25870.12044,195.7052661,193.0606003
Rural,53,63,30851.88903,489.7125243,30362.17651,176.2965087,173.4981515
Suburban,13,55,12241.27201,222.568582,12018.70343,306.0318003,300.4675857
Suburban,66,100,41225.56068,412.2556068,40813.30507,388.9203838,385.0311799
Urban,27,51,24083.0025,472.2157353,23610.78676,158.4408059,155.3341234
Urban,10,37,6657.775573,179.9398803,6477.835692,151.3130812,147.2235385
Suburban,71,99,30582.20418,308.9111533,30273.29303,305.8220418,302.7329303
Rural,24,54,16540.96913,306.3142432,16234.65489,162.1663641,159.1632832
Rural,7,30,6733.946349,224.4648783,6509.48147,97.59342534,94.34031117
Urban,56,84,8490.198063,101.0737865,8389.124277,566.0132042,559.2749518
Suburban,14,49,31041.33448,633.4966221,30407.83786,236.9567518,232.1208997
Urban,10,86,5407.257975,62.87509274,5344.382883,300.4032209,296.9101601
Rural,24,48,4417.490259,92.03104706,4325.459212,152.3272503,149.1537659
Urban,18,67,7151.304807,106.7358926,7044.568914,325.0593094,320.2076779
Rural,16,100,56067.03257,560.6703257,55506.36225,343.969525,340.5298297
Rural,7,79,25509.10549,322.9000695,25186.20542,255.0910549,251.8620542
Rural,9,99,28941.59673,292.3393609,28649.25737,263.1054248,260.4477943
Urban,24,34,8253.558378,242.751717,8010.806661,85.0882307,82.58563568
Urban,21,54,23910.10005,442.7796306,23467.32042,175.8095592,172.5538266
Suburban,43,77,38927.09717,505.5467165,38421.55045,297.1534135,293.2942783
Urban,21,80,37993.37294,474.9171618,37518.45578,260.2285818,256.9757245
Urban,54,74,45690.1662,617.4346784,45072.73153,310.8174572,306.6172213
Urban,38,57,16806.75609,294.8553699,16511.90072,262.6055639,257.9984487
Urban,66,97,69594.33024,717.467322,68876.86291,463.9622016,459.1790861
Suburban,14,52,13882.81528,266.977217,13615.83807,210.3456861,206.3005768
Rural,37,51,19551.93003,383.3711771,19168.55885,195.5193003,191.6855885
Urban,52,87,23179.72476,266.4336179,22913.29114,351.2079509,347.1710779
Suburban,42,91,30611.88971,336.3943924,30275.49532,355.9522059,352.0406432
Rural,34,85,65013.04523,764.8593556,64248.18587,398.8530382,394.1606495
Rural,21,57,33555.56825,588.6941798,32966.87407,237.9827535,233.8076175
Urban,8,28,8546.794695,305.2426677,8241.552027,147.3585292,142.0957246
Urban,30,58,14869.68061,256.3738037,14613.30681,198.2624082,194.8440908
Rural,9,31,14291.59981,461.0193486,13830.58046,125.3649106,121.3208812
Suburban,11,27,15707.17668,581.7472844,15125.4294,109.0776158,105.0377041
Urban,75,90,42529.19318,472.5465909,42056.64659,401.2188036,396.7608169
Suburban,8,54,30968.11288,573.4835718,30394.62931,184.3340052,180.9204125
Suburban,9,23,4424.855511,192.3850222,4232.470488,130.1428091,124.4844261
Urban,64,94,69939.38223,744.0359811,69195.34625,421.3215797,416.8394352
Suburban,20,86,35454.14182,412.2574631,35041.88436,322.3103802,318.5625851
Suburban,55,79,14975.28463,189.560565,14785.72407,311.9850965,308.0359181
Urban,13,73,26064.17347,357.0434722,25707.13,289.6019274,285.6347777
Urban,23,74,30870.88306,417.1740954,30453.70896,311.8271016,307.6132218
Urban,11,26,8185.962468,314.8447103,7871.117758,118.6371372,114.0741704
Urban,30,99,62365.50551,629.9546011,61735.55091,389.7844095,385.8471932
Urban,42,80,37884.94032,473.561754,37411.37857,289.1980177,285.5830425
Rural,35,78,24794.71471,317.8809578,24476.83375,247.9471471,244.7683375
Urban,6,63,8347.450828,132.4992195,8214.951608,347.8104512,342.2896504
Rural,8,25,10769.64627,430.785851,10338.86042,93.64909804,89.90313412
Urban,50,100,35022.65836,350.2265836,34672.43177,275.7689634,273.0112738
Urban,8,46,21455.66405,466.4274793,20989.23657,191.568429,187.4038979
Urban,29,59,38452.09295,651.730389,37800.36256,265.1868479,260.6921556
Rural,11,21,5593.309538,266.3480732,5326.961465,114.1491742,108.7134993
Rural,7,64,17048.66411,266.3853768,16782.27874,266.3853768,262.2231053
Suburban,22,52,15797.76777,303.8032264,15493.96455,156.4135423,153.4055896
Suburban,56,100,46196.61914,461.9661914,45734.65294,273.3527759,270.6192482
Rural,72,83,16687.77587,201.0575406,16486.71833,370.8394637,366.3715184
Rural,10,89,8385.085818,94.21444739,8290.87137,645.0066014,637.7593362
Rural,37,100,54685.74477,546.8574477,54138.88732,385.1108786,381.2597699
Urban,7,71,20785.02494,292.7468301,20492.27811,346.4170823,341.5379685
Suburban,26,94,14185.16754,150.9060377,14034.2615,354.6291885,350.8565376
Urban,23,52,27815.14494,534.9066334,27280.2383,207.5757085,203.5838679
Urban,15,27,8512.165882,315.265403,8196.900479,82.64238721,79.58155805
Urban,62,88,52908.77034,601.2360266,52307.53432,326.5973478,322.8860143
Suburban,38,48,33670.5395,701.469573,32969.06993,221.5167072,216.9017758
Suburban,35,53,20776.41788,392.0078846,20384.41,236.0956578,231.6410227
Suburban,12,31,10286.96327,331.8375249,9955.125747,97.97107878,94.8107214
Suburban,34,56,17221.45203,307.5259291,16913.9261,142.3260498,139.7845132
Rural,35,48,3277.04376,68.271745,3208.772015,126.0401446,123.4143083
Suburban,66,93,71185.89662,765.4397486,70420.45687,395.4772034,391.2247604
Rural,18,49,8249.948173,168.3662892,8081.581884,133.0636802,130.3480949
Rural,33,72,25327.70057,351.773619,24975.92695,191.8765194,189.2115678
Suburban,11,62,22527.43668,363.345753,22164.09093,317.2878406,312.1702948
Suburban,15,39,7866.872375,201.7146763,7665.157699,207.0229572,201.7146763
Urban,56,67,8136.479934,121.439999,8015.039935,353.7599971,348.4799972
Urban,15,88,52692.20205,598.7750233,52093.42703,384.6146135,380.2439929
Urban,16,29,10762.60436,371.1242881,10391.48007,134.5325544,129.8935008
Urban,24,100,17366.69675,173.6669675,17193.02978,310.1195848,307.0183889
Suburban,43,98,52774.81574,538.518528,52236.29722,405.9601211,401.8176709
Rural,10,35,9868.689845,281.962567,9586.727278,131.5825313,127.8230304
Rural,14,58,14964.83866,258.0144597,14706.8242,157.5246175,154.8086758
Urban,7,22,10476.44392,476.2019962,10000.24192,106.9024889,102.0432849
Suburban,37,84,10470.22227,124.6455032,10345.57677,373.9365097,369.4848846
Suburban,14,91,10111.25706,111.1127149,10000.14434,532.1714242,526.3233866
Urban,29,56,23621.76252,421.8171879,23199.94533,188.9741002,185.5995627
Rural,21,97,13002.94841,134.0510145,12868.89739,565.3455829,559.5172779
Urban,47,57,7546.985121,132.4032477,7414.581873,251.5661707,247.1527291
Suburban,27,94,51510.25747,547.9814624,50962.27601,299.4782411,296.2923024
Suburban,6,84,23685.33264,281.9682458,23403.3644,348.3137154,344.1671235
Rural,11,40,7298.652858,182.4663214,7116.186536,208.5329388,203.3196153
Suburban,36,65,20395.32473,313.7742266,20081.5505,234.4290198,230.8224195
Urban,22,35,14801.03314,422.886661,14378.14647,127.5951132,123.9495386
Urban,30,40,21187.86859,529.6967147,20658.17187,148.1669132,144.4627404
Urban,45,61,1585.600416,25.99344945,1559.606967,158.5600416,155.9606967
Urban,14,50,17578.49788,351.5699575,17226.92792,161.2706227,158.0452103
Suburban,25,98,15159.34165,154.6871597,15004.65449,252.6556941,250.0775748
Suburban,37,54,5755.972443,106.5920823,5649.380361,359.7482777,353.0862725
Rural,13,37,4890.163013,132.1665679,4757.996445,139.7189432,135.9427556
Urban,41,78,5945.546975,76.22496122,5869.322014,270.2521352,266.7873643
Rural,21,84,50310.96336,598.94004,49712.02332,344.5956394,340.4933104
Suburban,32,44,24778.63958,563.1508996,24215.48868,147.4919023,144.1398136
Urban,11,25,7753.865407,310.1546163,7443.710791,67.42491658,64.72791992
Urban,13,38,5515.227607,145.1375686,5370.090039,196.9724145,191.78893
Urban,25,85,27502.40329,323.5576858,27178.8456,376.7452505,372.3129535
Suburban,13,31,978.535961,31.56567616,946.9702849,88.95781464,86.08820771
Rural,6,67,9678.996721,144.4626376,9534.534083,312.2257007,307.5656156
Rural,11,77,19441.96463,252.4930471,19189.47158,308.6026131,304.594787
Suburban,11,32,4688.408781,146.5127744,4541.896007,146.5127744,141.9342502
Rural,30,71,35627.89585,501.80135,35126.0945,228.3839477,225.1672724
Urban,38,65,39697.61585,610.7325515,39086.88329,300.739514,296.1127522
Urban,29,64,12432.79356,194.2623994,12238.53116,336.0214475,330.7711124
Urban,38,48,15274.08605,318.210126,14955.87592,175.5642074,171.9066198
Rural,42,76,38959.50838,512.6251102,38446.88327,216.4417132,213.5937959
Urban,53,76,42247.78583,555.8919188,41691.89391,236.0211499,232.9156084
Suburban,14,71,17193.27911,242.1588608,16951.12025,226.2273568,223.041056
Urban,9,76,3146.779337,41.40499128,3105.374346,314.6779337,310.5374346
Rural,14,51,9225.21424,180.8865537,9044.327686,307.5071413,301.4775895
Rural,38,88,47334.94532,537.8971059,46797.04821,283.4427863,280.2218456
Rural,24,60,33399.77572,556.6629286,32843.11279,216.8816605,213.2669662
Rural,55,73,11574.61305,158.5563431,11416.05671,222.5887125,219.539552
Urban,10,23,1367.24435,59.4454065,1307.798943,62.14747043,59.4454065
Suburban,27,74,24726.72982,334.1449975,24392.58482,222.7633317,219.7530164
Suburban,6,49,21744.97597,443.7750198,21301.20095,146.9255133,143.9270335
Rural,8,31,4502.503158,145.2420374,4357.261121,128.6429474,124.4931749
Rural,46,57,12006.0107,210.6317666,11795.37893,214.3930482,210.6317666
Suburban,19,64,9742.668324,152.2291926,9590.439132,249.8120083,245.9086957
Suburban,76,86,52670.41851,612.4467268,52057.97178,353.4927417,349.382361
Suburban,28,54,13515.43765,250.2858824,13265.15177,265.0085813,260.101015
Rural,37,85,26272.0163,309.0825447,25962.93376,430.6887918,425.6218649
Rural,15,58,5461.333227,94.1609177,5367.172309,455.1111022,447.2643591
Rural,27,96,23417.98143,243.9373065,23174.04412,410.8417794,406.5621775
Suburban,31,58,19209.19713,331.1930539,18878.00407,225.9905544,222.0941655
Suburban,45,77,45832.80403,595.2312212,45237.57281,303.5285035,299.5865749
Rural,73,93,43334.52939,465.9626816,42868.56671,408.816315,404.4204407
Rural,11,44,4609.088443,104.7520101,4504.336433,256.060469,250.2409129
Rural,10,20,15681.10252,784.055126,14897.04739,93.33989596,88.67290116
Suburban,40,70,26805.09565,382.9299379,26422.16571,206.1930435,203.2474286
Rural,12,42,13410.46195,319.2967131,13091.16524,109.0281459,106.4322377
Rural,33,87,55691.9485,640.1373391,55051.81116,389.4541853,384.9777004
Suburban,43,70,17044.53698,243.4933854,16801.04359,299.0269645,294.7551507
Urban,15,61,8235.358321,135.0058741,8100.352447,257.3549475,253.136014
Suburban,36,71,27900.43997,392.9639433,27507.47603,253.6403634,250.0679639
Suburban,33,81,50000.3685,617.2885001,49383.08,308.64425,304.8338272
Rural,64,87,27038.59076,310.7883995,26727.80236,415.9783193,411.1969593
Suburban,65,85,65456.02572,770.0708908,64685.95483,396.7031862,392.0360899
Urban,65,91,33988.92839,373.5047076,33615.42368,241.0562297,238.4072602
Rural,57,83,67596.82314,814.4195559,66782.40359,393.0047857,388.2697883
Suburban,10,64,30294.18837,473.3466933,29820.84168,195.4463766,192.392527
Rural,22,69,18406.97674,266.7677789,18140.20896,248.742929,245.137959
Rural,12,37,13666.38138,369.3616589,13297.01972,96.24212238,93.64098394
Urban,28,93,10390.32654,111.7239412,10278.60259,273.4296457,270.4895419
Rural,49,66,28376.5915,429.9483561,27946.64315,228.8434799,225.3761544
Rural,36,47,19494.58011,414.7783003,19079.80181,189.2677681,185.2407943
Rural,30,71,16129.96247,227.18257,15902.7799,304.3389145,300.052451
Urban,19,58,14351.63611,247.4420018,14104.1941,186.3848845,183.171352
Suburban,18,100,21382.32969,213.8232969,21168.50639,419.2613664,415.0687528
Urban,28,94,61343.26175,652.587891,60690.67386,354.585328,350.8131437
Rural,6,49,14192.66897,289.6463054,13903.02266,205.6908546,201.493082
Rural,7,42,5198.023712,123.7624693,5074.261242,162.438241,158.5706638
Urban,63,79,23114.65968,292.5906289,22822.06905,330.209424,326.0295579
Rural,5,59,26015.43114,440.9395108,25574.49163,181.9260919,178.8425988
Urban,7,54,16109.42139,298.3226184,15811.09877,166.0765092,163.0010183
Rural,6,60,37752.26577,629.2044296,37123.06134,224.7158677,220.9706032
Suburban,13,26,11491.901,441.9961924,11049.90481,93.43008946,89.83662448
Rural,10,90,62235.11615,691.5012906,61543.61486,423.3681371,418.6640467
Suburban,12,34,3636.25208,106.9485906,3529.30349,151.5105033,147.0543121
Suburban,34,80,44915.08176,561.438522,44353.64324,258.1326538,254.9059956
Rural,7,21,6897.625494,328.4583569,6569.167138,91.96833993,87.58889517
Suburban,71,97,12938.57616,133.3873831,12805.18878,359.4048935,355.6996884
Suburban,7,64,7340.748936,114.6992021,7226.049734,458.7968085,451.6281084
Rural,34,47,11145.73928,237.143389,10908.59589,242.29868,237.143389
Rural,28,44,6912.689156,157.1065717,6755.582584,164.587837,160.8472044
Suburban,9,21,9056.283552,431.2515977,8625.031954,71.30931931,67.91363743
Urban,37,57,33391.03253,585.8075882,32805.22494,210.0064939,206.3221694
Rural,5,62,40126.67124,647.2043749,39479.46687,250.7916953,246.7466679
Urban,6,25,13989.47099,559.5788398,13429.89215,96.47911031,92.6199459
Suburban,33,92,15929.84897,173.1505323,15756.69844,346.3010645,342.5369225
Rural,7,38,7530.477765,198.1704675,7332.307298,96.54458673,94.00393972
Urban,31,99,19078.17806,192.7088692,18885.46919,381.5635611,377.7093837
Rural,7,35,5777.653846,165.0758242,5612.578022,88.88698225,86.34735418
Urban,13,30,11384.04099,379.4680329,11004.57295,91.80678215,88.74655608
Urban,6,28,12911.06751,461.1095538,12449.95795,87.23694262,84.12133753
Rural,47,59,13839.46743,234.5672446,13604.90019,184.5262324,181.3986692
Urban,13,24,12961.48874,540.0620307,12421.42671,91.92545203,88.09522486
Suburban,6,21,6695.67157,318.8415033,6376.830066,83.69589462,79.71037583
Suburban,54,84,16490.47189,196.3151415,16294.15675,383.4993462,378.9338778
Urban,50,100,62249.14304,622.4914304,61626.65161,359.8216361,356.2234197
Urban,11,30,10490.23584,349.6745279,10140.56131,126.3883836,122.1754375
Rural,35,45,9276.629934,206.1473319,9070.482602,226.2592667,221.231283
Urban,35,53,33704.45189,635.9330545,33068.51883,203.0388668,199.2079448
Rural,41,65,16322.28922,251.1121418,16071.17708,340.047692,334.8161891
Rural,6,93,30141.18537,324.0987674,29817.0866,281.6933212,278.6643608
Rural,5,28,11913.68457,425.4887348,11488.19584,90.25518617,87.03178666
Urban,8,38,17870.2229,470.2690237,17399.95388,156.7563412,152.6311744
Urban,6,25,9951.293149,398.051726,9553.241423,105.8648207,101.6302279
Rural,23,76,42934.8111,564.931725,42369.87938,373.3461835,368.4337337
Suburban,7,22,5243.017812,238.3189915,5004.698821,71.82216181,68.55751809
Rural,5,40,7398.209025,184.9552256,7213.2538,102.7529031,100.1840805
Suburban,16,89,55563.19982,624.305616,54938.8942,345.1130424,341.2353677
Suburban,21,31,12070.91976,389.3845083,11681.53525,112.8123342,109.1732266
Rural,45,92,52890.24238,574.8939389,52315.34844,437.1094412,432.3582516
Urban,32,58,30040.77879,517.944462,29522.83433,270.6376468,265.9714805
Rural,20,58,30576.39367,527.1792012,30049.21447,244.6111493,240.3937157
Suburban,7,36,7253.885909,201.4968308,7052.389078,122.9472188,119.5320183
Rural,40,66,41383.10557,627.016751,40756.08882,270.4778142,266.3796655
Urban,54,76,16615.51352,218.6251779,16396.88834,224.5339665,221.5795722
Urban,23,55,36007.2095,654.6765363,35352.53296,240.0480633,235.6835531
Urban,8,21,6164.76455,293.5602166,5871.204333,73.39005416,69.89528968
Rural,45,61,25741.10098,421.985262,25319.11572,252.3637351,248.2266247
Suburban,62,72,39869.33795,553.7408049,39315.59715,316.4233171,312.0285488
Rural,18,65,21490.58015,330.62431,21159.95584,193.6088302,190.6302328
Rural,8,20,5228.903006,261.4451503,4967.457856,62.9988314,59.84888983
Suburban,7,22,11441.40332,520.0637873,10921.33953,77.83267565,74.29482676
Suburban,49,72,8469.596023,117.6332781,8351.962745,445.7682118,439.5769866
Urban,30,42,20706.62794,493.0149509,20213.61299,150.0480285,146.4754564
Suburban,54,100,20311.32957,203.1132957,20108.21628,332.972616,329.6428898
Suburban,32,87,36694.53797,421.7762985,36272.76167,321.881912,318.1821199
Urban,8,36,10980.31989,305.0088859,10675.31101,142.601557,138.6404027
Urban,38,70,22244.03217,317.7718882,21926.26028,292.6846339,288.5034248
Urban,7,41,14961.4763,364.9140561,14596.56224,180.2587506,175.8621957
Rural,40,59,23500.85029,398.3194964,23102.53079,149.6869445,147.1498777
Urban,14,33,15223.0984,461.3060121,14761.79239,119.8669165,116.2345857
Urban,26,70,25076.4365,358.2348071,24718.20169,358.2348071,353.117167
Rural,7,45,10093.8198,224.3071068,9869.512698,136.4029703,133.3717932
Suburban,71,98,54721.39186,558.3815496,54163.01031,393.6790781,389.6619447
Urban,63,75,49533.19217,660.4425623,48872.74961,358.9361751,354.1503595
Rural,34,100,53744.86717,537.4486717,53207.41849,344.5183793,341.0731955
Urban,23,76,36487.93215,480.1043704,36007.82778,311.8626679,307.7592118
Urban,12,32,5193.059344,162.2831045,5030.77624,94.41926081,91.46865891
Suburban,23,35,22331.55801,638.0445145,21693.51349,136.1680366,132.2775213
Suburban,16,30,12603.33294,420.111098,12183.22184,88.75586577,85.79733691
Urban,56,75,9336.795037,124.4906005,9212.304437,424.3997744,418.7411108
Rural,6,25,5881.95294,235.2781176,5646.674823,106.9445989,102.666815
Suburban,16,88,11205.17113,127.3314901,11077.83964,350.1615978,346.1824887
Rural,26,43,16814.16059,391.0269904,16423.1336,157.1416877,153.4872299
Rural,20,39,12462.17777,319.5430197,12142.63475,102.9932047,100.3523533
Suburban,63,77,29281.97355,380.2853708,28901.68818,259.1325093,255.767152
Suburban,14,41,7364.560321,179.6234225,7184.936899,150.2971494,146.6313653
Rural,20,51,23057.74465,452.1126401,22605.63201,177.3672665,173.889477
Suburban,10,30,16970.0744,565.6691466,16404.40525,113.8931168,110.0966795
Urban,8,29,11662.52045,402.1558776,11260.36457,96.38446653,93.06086423
Rural,5,21,14486.68536,689.84216,13796.8432,91.11122867,86.77259874
Suburban,15,50,15382.3464,307.6469281,15074.69948,185.3294748,181.6228853
Rural,42,61,11378.1029,186.5262771,11191.57663,218.8096712,215.2226274
Suburban,5,67,6101.54107,91.06777716,6010.473293,435.8243621,429.3195209
Suburban,22,73,10501.41398,143.8549861,10357.559,318.2246661,313.8654241
Urban,18,35,19384.30757,553.8373591,18830.47021,122.6854909,119.1801912
Urban,58,96,32310.57443,336.5684837,31974.00595,380.1244051,376.1647759
Urban,28,38,3610.767861,95.02020686,3515.747654,124.5092366,121.2326777
Urban,28,75,43125.87914,575.0117219,42550.86742,252.1981236,248.835482
Suburban,26,57,15086.51761,264.6757476,14821.84186,260.1123726,255.5489977
Rural,10,36,6682.245261,185.6179239,6496.627337,126.0800993,122.5778743
Rural,27,73,18334.36247,251.1556503,18083.20682,321.6554819,317.2492424
Rural,29,68,20378.85583,299.6890563,20079.16677,185.2623257,182.5378797
Rural,9,25,2316.42028,92.65681121,2223.763469,74.72323485,71.73430546
Urban,25,97,32226.24951,332.2293764,31894.02014,319.0717774,315.7823776
Rural,7,30,5523.362691,184.1120897,5339.250601,125.5309703,121.3466046
Suburban,7,83,10340.28728,124.5817745,10215.70551,430.8453033,425.6543961
Rural,5,27,1646.509065,60.98181722,1585.527248,74.84132113,72.06942035
Suburban,21,58,2081.387296,35.88598786,2045.501308,208.1387296,204.5501308
Urban,15,32,4227.936601,132.1230188,4095.813583,183.8233305,178.0788514
Urban,8,76,42680.05585,561.5796822,42118.47617,271.8474895,268.2705488
Suburban,9,21,11473.95459,546.3787899,10927.5758,64.10030496,61.04790948
Urban,37,47,6930.607843,147.4597413,6783.148101,169.0392157,165.4426366
Suburban,20,33,22073.44306,668.892214,21404.55085,130.6120891,126.654147
Rural,66,92,5710.374201,62.06928479,5648.304916,300.5460106,297.2792061
Rural,7,24,11465.78727,477.7411362,10988.04613,103.2953808,98.99140659
Rural,9,75,30825.43241,411.0057654,30414.42664,205.5028827,202.7628443
Urban,76,89,57876.57284,650.2985712,57226.27427,326.9862872,323.312284
Urban,20,67,16296.31738,243.2286176,16053.08876,239.6517262,236.0748347
Suburban,23,61,41536.91719,680.9330686,40855.98412,276.9127812,272.3732274
Rural,67,80,34584.58062,432.3072577,34152.27336,235.2692559,232.3283902
Suburban,15,66,47568.17636,720.7299449,46847.44642,295.4545116,290.9779281
Suburban,12,39,19907.72063,510.454375,19397.26625,113.112049,110.2117401
Urban,22,46,24048.68187,522.7974319,23525.88443,187.8803271,183.7959721
Rural,74,89,38462.48851,432.1627923,38030.32572,334.4564219,330.6984845
Urban,16,60,22947.42403,382.4570671,22564.96696,182.1224129,179.0870394
Rural,13,58,20383.48032,351.4393159,20032.04101,192.2969842,188.9815189
Urban,16,68,34693.31347,510.1957863,34183.11768,225.2812563,221.9682967
Suburban,19,45,14126.68983,313.9264406,13812.76338,116.7495027,114.1550693
Suburban,61,91,33872.9138,372.229822,33500.68398,335.3753841,331.6899404
Urban,12,39,12264.25233,314.4680085,11949.78432,185.822005,181.0573382
Rural,9,97,47683.06152,491.5779539,47191.48357,335.7962079,332.3343913
Suburban,18,42,22140.54756,527.1558944,21613.39167,172.9730278,168.8546224
Urban,15,27,11686.93372,432.8493969,11254.08432,105.2876911,101.388147
Rural,48,67,36488.38631,544.6027808,35943.78353,217.1927757,213.9510925
Urban,51,69,32442.60723,470.1827135,31972.42452,238.5485826,235.0913568
Urban,47,69,3694.198177,53.53910401,3640.659073,205.233232,202.2588374
Suburban,18,93,32742.37726,352.0685727,32390.30869,409.2797158,404.8788586
Suburban,74,84,33295.06607,396.3698341,32898.69623,329.6541195,325.7296657
Urban,48,96,35307.16781,367.7829981,34939.38482,271.5935986,268.7644986
Suburban,13,30,10588.07019,352.9356731,10235.13452,93.69973621,90.57641167
Suburban,48,60,20346.33495,339.1055826,20007.22937,260.8504481,256.5029407
Urban,39,72,25048.50961,347.8959667,24700.61364,217.813127,214.7879447
Suburban,13,31,14546.77832,469.2509136,14077.52741,134.6923919,130.347476
Rural,13,71,15182.85443,213.8430201,14969.01141,244.8847488,241.4356679
Rural,61,91,51646.06888,567.5392185,51078.52966,400.3571231,395.9575943
Rural,60,91,44788.2902,492.1790132,44296.11119,418.5821514,413.9823476
Urban,6,32,5564.399183,173.8874745,5390.511708,104.9886638,101.7077681
Suburban,10,23,9616.456961,418.1068244,9198.350137,76.93165569,73.58680109
Suburban,47,61,40156.54408,658.3040013,39498.24008,255.7741661,251.581147
Urban,40,57,43581.93446,764.5953414,42817.33912,254.8651138,250.393796
Suburban,70,89,34194.62699,384.209292,33810.41769,379.9402998,375.6713077
Rural,45,64,25894.5208,404.6018875,25489.91891,219.4450915,216.016262
Urban,29,91,40660.34935,446.8170258,40213.53232,451.7816594,446.8170258
Suburban,53,91,14387.71181,158.1067232,14229.60509,287.7542362,284.5921017
Suburban,37,69,19612.30398,284.2362895,19328.06769,326.871733,322.1344615
Suburban,61,71,41982.22732,591.2989763,41390.92834,285.5933831,281.5709411
Rural,7,38,1368.010565,36.00027803,1332.010287,114.0008804,111.0008573
Suburban,32,100,58113.70846,581.1370846,57532.57138,358.7265954,355.1393295
Suburban,51,65,38228.89004,588.1367699,37640.75327,265.4784031,261.3941199
Urban,38,73,29219.51531,400.267333,28819.24798,339.7618059,335.1075346
Suburban,25,56,32222.97517,575.4102708,31647.5649,187.3428789,183.9974703
Rural,55,75,14323.41395,190.9788527,14132.4351,207.5857094,204.8179
Urban,21,97,38621.46024,398.1593839,38223.30086,364.3533985,360.5971779
Rural,71,94,72462.0925,770.8733245,71691.21917,428.7697781,424.2083975
Urban,22,53,11187.34722,211.082023,10976.26519,174.8023003,171.5041437
Rural,8,81,50092.73739,618.4288567,49474.30854,355.2676411,350.8816208
Rural,34,47,34743.67464,739.22712,34004.44752,204.3745567,200.0261619
Suburban,48,80,10299.28591,128.7410739,10170.54484,294.2653117,290.5869953
Rural,55,75,43836.87975,584.49173,43252.38802,302.3233086,298.2923312
Urban,12,89,29219.94441,328.3139822,28891.63043,286.4700433,283.2512787
Rural,13,30,8240.411263,274.6803754,7965.730888,87.66394961,84.74181796
Rural,5,64,6927.554787,108.2430435,6819.311743,329.8835613,324.7291306
Suburban,29,55,9997.951678,181.7809396,9816.170738,227.2261745,223.0947895
Suburban,76,94,38099.88772,405.3179545,37694.56977,405.3179545,401.0060614
Urban,28,53,41116.95931,775.7916852,40341.16763,230.9941534,226.6357732
Suburban,7,29,8384.760748,289.1296809,8095.631067,73.55053287,71.0143076
Urban,17,29,19549.85258,674.1328476,18875.71973,117.7701963,113.709155
Suburban,42,75,35933.9965,479.1199534,35454.87655,246.1232637,242.8416202
Suburban,53,74,50056.592,676.4404324,49380.15157,308.9913086,304.8157504
Urban,75,89,4846.008899,54.44953819,4791.55936,302.8755562,299.47246
Suburban,13,29,7764.472093,267.740417,7496.731676,89.24680567,86.16932961
Rural,20,40,17819.36994,445.4842486,17373.8857,137.0720765,133.6452746
Urban,11,79,16610.28401,210.2567597,16400.02725,369.1174225,364.4450501
Urban,87,98,59176.88864,603.8458025,58573.04284,348.099345,344.5473108
Urban,76,95,44174.20036,464.9915827,43709.20878,374.3576302,370.4170235
Rural,13,79,40679.97158,514.9363492,40165.03523,269.4037853,265.9936108
Suburban,22,38,17120.47262,450.5387531,16669.93387,141.4915092,137.7680485
Suburban,41,83,61531.58459,741.3443926,60790.24019,349.6112761,345.399092
Suburban,24,59,37266.24652,631.631297,36634.61523,253.5118811,249.2150696
Suburban,11,51,3631.895694,71.21364105,3560.682053,226.9934809,222.5426283
Rural,46,64,9254.488482,144.6013825,9109.8871,319.1202925,314.1340379
Rural,6,30,15177.65906,505.9219688,14671.7371,117.6562718,113.7343961
Suburban,15,60,43580.03488,726.3339146,42853.70096,242.1113049,238.0761165
Rural,51,75,21255.99591,283.4132788,20972.58263,269.0632393,265.4757295
Suburban,15,25,3704.662205,148.1864882,3556.475717,119.5052324,114.7250231
Suburban,31,46,7295.236281,158.5920931,7136.644188,119.5940374,116.994167
Urban,11,48,2778.942052,57.89462608,2721.047426,185.2628035,181.4031617
Rural,6,51,7270.444074,142.5577269,7127.886347,213.8365904,209.6437161
Suburban,23,68,24420.71169,359.1281131,24061.58358,232.5782066,229.1579388
Suburban,8,89,36272.13323,407.5520588,35864.58117,299.7696961,296.4014973
Suburban,55,84,40941.52602,487.3991192,40454.1269,280.4214111,277.0830609
Rural,8,50,4480.656426,89.61312852,4391.043298,344.6658789,337.7725614
Urban,40,99,50555.14975,510.6580782,50044.49167,334.8023162,331.4204746
Urban,9,21,3604.16949,171.6271186,3432.542371,76.68445723,73.03281641
Suburban,19,53,27589.96305,520.5653406,27069.39771,209.0148716,205.0711948
Urban,16,60,27485.77961,458.0963268,27027.68328,254.4979593,250.2563267
Suburban,22,32,16964.773,530.1491564,16434.62385,125.6649852,121.7379544
Rural,25,51,10213.17122,200.2582591,10012.91296,268.7676636,263.4977094
Urban,5,22,2816.368724,128.0167602,2688.351964,148.2299329,141.4922086
Rural,7,21,17558.44479,836.1164186,16722.32837,97.5469155,92.90182428
Rural,21,55,25909.89785,471.0890519,25438.8088,233.4225032,229.1784577
Rural,31,42,2126.887374,50.64017558,2076.247199,177.2406145,173.0205999
Rural,26,86,22631.8612,263.1611767,22368.70002,266.2571905,263.1611767
Rural,18,48,25159.94686,524.1655595,24635.7813,202.9027972,198.6756556
Urban,65,82,27078.57659,330.2265438,26748.35005,241.7730053,238.824554
Rural,48,63,13402.66737,212.7407519,13189.92662,191.4666767,188.4275231
Urban,24,44,2152.873912,48.92895254,2103.944959,165.6056855,161.8419199
Suburban,18,39,28641.40964,734.395119,27907.01452,173.5843009,169.1334213
Rural,7,23,6470.808554,281.3395023,6189.469052,85.14221781,81.44038226
Rural,7,31,14764.98559,476.2898578,14288.69573,104.7162099,101.3382676
Rural,7,44,21575.05497,490.3421583,21084.71281,209.4665531,204.7059496
Urban,5,23,8359.229846,363.4447759,7995.78507,79.61171282,76.150334
Urban,46,63,3139.915953,49.83993576,3090.076017,174.4397751,171.6708898
Urban,15,25,12920.73898,516.829559,12403.90942,73.41328964,70.47675805
Rural,11,27,7092.534592,262.6864664,6829.848126,71.64176356,68.98836491
Urban,28,57,24140.06187,423.5098574,23716.55201,225.6080549,221.6500188
Suburban,26,83,31039.97777,373.9756358,30666.00213,419.459159,414.4054342
Suburban,5,80,14739.43557,184.2429447,14555.19263,307.0715745,303.2331798
Rural,40,50,15955.54915,319.1109829,15636.43816,218.5691664,214.1977831
Rural,8,84,46132.86777,549.2008068,45583.66697,268.2143475,265.0213196
Rural,54,90,38507.14467,427.8571629,38079.2875,442.6108582,437.6929598
Urban,9,28,4600.858934,164.3163905,4436.542544,106.9967194,103.175408
Rural,64,97,61898.99996,638.1340202,61260.86594,407.2302629,403.0320127
Suburban,22,99,13012.91513,131.4435872,12881.47154,333.6644905,330.2941421
Rural,53,96,5341.187597,55.6373708,5285.550226,254.3422665,251.6928679
Rural,69,88,41177.61955,467.9274949,40709.69205,384.8375659,380.4644117
Rural,17,53,6373.101224,120.2471929,6252.854031,245.1192779,240.4943858
Rural,14,28,10490.34512,374.6551828,10115.68994,107.0443379,103.2213259
Rural,21,59,15897.20427,269.4441402,15627.76013,237.2717055,233.2501512
Suburban,27,50,34283.48468,685.6696936,33597.81498,198.1704317,194.207023
Urban,8,89,46992.22158,528.0024896,46464.21909,311.2067654,307.7100602
Urban,34,83,67402.05849,812.0729939,66589.9855,382.9662414,378.3521903
Urban,14,73,8685.033262,118.9730584,8566.060204,299.4839056,295.3813863
Suburban,35,76,30900.83322,406.5899108,30494.24331,223.9190813,220.9727776
Rural,35,56,7547.446453,134.7758295,7412.670623,160.5839671,157.7163962
Rural,20,40,13751.9408,343.79852,13408.14228,165.6860337,161.5438829
Urban,6,27,12427.66159,460.2837625,11967.37782,99.4212927,95.7390226
Urban,7,32,9804.494759,306.3904612,9498.104298,118.1264429,114.4349915
Urban,24,48,12068.21469,251.4211394,11816.79355,236.6316606,231.7018344
Urban,41,71,43639.20664,614.6367132,43024.56992,311.7086188,307.3183566
Rural,6,53,12251.75384,231.1651668,12020.58867,161.2072874,158.1656404
Rural,44,87,10245.43881,117.7636645,10127.67515,640.3399259,632.9796969
Urban,16,36,9125.684777,253.4912438,8872.193533,126.7456219,123.2249102
Rural,20,39,15779.33757,404.5983992,15374.73917,142.1561943,138.5111637
Rural,81,91,12301.13158,135.1772701,12165.95431,615.0565791,608.2977156
Urban,18,31,11186.61507,360.8585507,10825.75652,87.39543026,84.57622283
Suburban,67,94,21744.67394,231.3263185,21513.34762,339.7605303,336.1460565
Urban,18,83,23771.97143,286.4092944,23485.56214,293.4811288,289.9452116
Urban,9,34,17296.20179,508.7118175,16787.48998,161.6467457,156.8924297
Rural,6,32,23095.08061,721.7212691,22373.35934,149.9680559,145.2815542
Urban,7,22,12149.92624,552.2693747,11597.65687,67.49959025,64.43142705
Rural,20,49,25020.71768,510.6268914,24510.09079,154.4488746,151.2968567
Urban,38,61,25374.7466,415.9794524,24958.76715,154.7240646,152.1876046
Urban,9,21,13861.25387,660.059708,13201.19416,91.19245966,86.84996158
Urban,18,40,25761.78302,644.0445755,25117.73845,164.0877899,159.9855952
Urban,6,22,15639.4549,710.8843138,14928.57059,90.92706339,86.79401505
Suburban,11,34,16258.80522,478.2001536,15780.60507,121.3343673,117.7657095
Rural,31,56,41687.41355,744.4180992,40942.99545,249.6252309,245.1676375
Urban,36,93,44525.58754,478.7697584,44046.81778,401.1314192,396.8181782
Suburban,9,38,3954.130763,104.0560727,3850.074691,247.1331727,240.6296682
Suburban,26,76,36949.9785,486.1839276,36463.79457,232.3898019,229.3320413
Suburban,24,47,30883.40331,657.0936874,30226.30962,208.671644,204.2318218
Urban,10,64,6163.247448,96.30074138,6066.946707,162.1907223,159.6564923
Rural,10,56,34154.86338,609.9082747,33544.95511,237.1865513,232.9510771
Rural,25,44,22092.45308,502.1012063,21590.35187,143.4574875,140.1970901
Rural,6,34,15834.44799,465.7190585,15368.72893,88.46060329,85.85882084
Suburban,18,45,13879.6163,308.4359179,13571.18039,113.7673468,111.2391835
Rural,7,31,24986.65938,806.0212702,24180.63811,145.2712754,140.5851053
Rural,28,95,54811.91934,576.967572,54234.95177,336.2694438,332.7297654
Rural,59,82,23312.1425,284.2944207,23027.84808,347.9424253,343.699225
Urban,38,95,45444.79634,478.3662772,44966.43006,468.503055,463.5714439
Suburban,12,27,3226.024799,119.4824,3106.542399,78.68353169,75.76932681
Suburban,23,94,50055.91913,532.5097779,49523.40935,325.0384359,321.5805802
Urban,15,66,19265.45805,291.9008795,18973.55717,296.3916623,291.9008795
Rural,6,40,28314.21573,707.8553932,27606.36033,191.3122684,186.5294617
Suburban,27,56,24400.06541,435.7154538,23964.34996,189.1477939,185.7701547
Suburban,6,54,27220.54217,504.0841142,26716.45805,176.7567673,173.4834939
Suburban,15,46,22879.34243,497.3770093,22381.96542,197.2357106,192.9479777
Suburban,16,65,29952.01858,460.8002859,29491.2183,205.1508122,201.9946459
Urban,48,96,26159.62345,272.4960776,25887.12737,331.134474,327.6851566
Suburban,9,47,11606.81649,246.9535423,11359.86295,124.8044784,122.1490639
Urban,7,20,9654.84415,482.7422075,9172.101943,63.10355654,59.94837871
Suburban,57,94,19316.6014,205.4957596,19111.10564,321.9433567,318.5184274
Suburban,30,52,27643.5232,531.6062153,27111.91698,194.6726986,190.9289928
Suburban,6,71,39120.88453,550.9983737,38569.88616,249.1776085,245.6680647
Rural,8,46,18260.10019,396.9586998,17863.14149,148.4560991,145.2287926
Urban,40,53,16865.21352,318.2115758,16547.00194,142.9255383,140.22883
Urban,11,26,11103.43159,427.0550612,10676.37653,78.74774178,75.71898248
Suburban,46,100,44831.28535,448.3128535,44382.97249,262.1712593,259.5495468
Urban,38,74,33700.21715,455.4083399,33244.80881,201.7977075,199.0707114
Rural,5,53,9496.053444,179.1708197,9316.882625,287.7591953,282.3297765
Urban,63,75,7813.941198,104.1858826,7709.755315,269.4462482,265.8536316
Suburban,9,44,4033.809502,91.67748869,3942.132014,310.2930386,303.2409241
Suburban,60,76,20070.51596,264.0857364,19806.43023,278.7571662,275.0893087
Suburban,18,88,37369.81004,424.6569323,36945.15311,342.8422939,338.9463588
Rural,35,54,11823.3226,218.9504185,11604.37218,193.8249607,190.2356096
Urban,30,49,12160.34635,248.1703336,11912.17601,157.926576,154.7035846
Urban,8,25,10560.91848,422.4367392,10138.48174,96.88916037,93.01359396
Suburban,18,36,10098.86672,280.5240757,9818.342649,117.4286828,114.166775
Suburban,25,42,23771.30621,565.9834811,23205.32273,194.8467722,190.2075633
Rural,14,29,24018.1809,828.2131346,23189.96777,133.4343383,128.8331543
Urban,16,52,6908.033904,132.8468058,6775.187098,140.9802838,138.2691244
Rural,6,37,3188.417829,86.17345484,3102.244374,159.4208915,155.1122187
Rural,17,91,49630.19937,545.3868063,49084.81257,333.0885864,329.4282723
Rural,8,29,15400.79755,531.0619846,14869.73557,115.7954703,111.8025231
Rural,45,62,6733.346101,108.6023565,6624.743744,336.667305,331.2371872
Urban,7,69,31923.75004,462.6630441,31461.087,309.9393208,305.4474466
Suburban,14,32,8158.434468,254.9510771,7903.483391,101.9804308,98.79354238
Urban,31,78,21138.98787,271.012665,20867.9752,330.2966854,326.0621125
Rural,10,53,22497.88671,424.4884285,22073.39828,133.9159923,131.3892755
Suburban,50,60,9106.63719,151.7772865,8954.859904,239.6483471,235.654208
Urban,58,97,37158.26592,383.0749064,36775.19102,447.6899509,443.0745905
Urban,77,87,8507.25201,97.78450586,8409.467504,773.3865464,764.4970458
Rural,20,74,8849.961421,119.5940733,8730.367348,276.5612944,272.8239796
Urban,58,90,11391.54936,126.5727707,11264.97659,542.4547315,536.4274567
Rural,8,21,17420.22198,829.5343799,16590.6876,98.97853396,94.26527044
Urban,35,70,29317.07447,418.8153495,28898.25912,271.4543932,267.5764733
Suburban,7,37,8628.884802,233.2131028,8395.671699,139.1755613,135.4140597
Rural,11,30,21034.24417,701.1414725,20333.1027,135.7048011,131.1813078
Urban,22,64,24878.69872,388.7296675,24489.96905,216.3365106,212.9562526
Urban,23,40,21144.32292,528.6080729,20615.71484,118.788331,115.8186227
Urban,18,28,10697.07628,382.0384386,10315.03784,116.2725683,112.1199766
Rural,19,85,49923.15746,587.3312643,49335.8262,304.4094967,300.8282085
Urban,77,92,15432.06338,167.7398193,15264.32356,328.341774,324.7728417
Suburban,56,93,28349.74935,304.8360145,28044.91333,329.6482482,326.1036434
Rural,25,36,12749.54753,354.154098,12395.39343,104.5044879,101.6015855
Suburban,50,94,23543.27077,250.4603273,23292.81044,480.4749136,475.3634784
Rural,8,27,13370.93401,495.2197782,12875.71423,80.06547312,77.10008523
Rural,41,86,25933.16013,301.5483736,25631.61176,381.370002,376.935467
Rural,11,22,9526.759958,433.0345436,9093.725415,94.32435602,90.0368853
Rural,56,95,63789.76485,671.4712089,63118.29364,433.9439786,429.3761472
Urban,89,99,4921.615795,49.71329086,4871.902504,307.6009872,304.4939065
Rural,8,22,8978.85494,408.12977,8570.72517,73.59717164,70.25184566
Suburban,85,100,32948.37131,329.4837131,32618.8876,299.5306483,296.5353418
Rural,38,61,23382.38606,383.3178042,22999.06825,299.7741802,294.8598494
Suburban,18,33,10331.24918,313.068157,10018.18102,98.39284933,95.41124784
Rural,22,39,27560.8958,706.6896359,26854.20616,162.1229165,157.9659186
Urban,5,37,5276.766552,142.6153122,5134.151239,202.9525597,197.4673554
Suburban,53,95,67338.12827,708.8224028,66629.30586,426.1906852,421.7044675
Suburban,6,28,16605.84571,593.065918,16012.77979,98.84431967,95.3141654
Urban,17,66,39889.3045,604.3834015,39284.9211,286.9734137,282.6253316
Suburban,11,60,6015.495762,100.2582627,5915.237499,231.3652216,227.5091346
Suburban,34,94,64461.55755,685.7612505,63775.79629,415.8810164,411.4567503
Urban,12,63,28124.01978,446.4130123,27677.60676,200.8858555,197.6971912
Suburban,8,38,11062.1016,291.1079368,10770.99366,147.494688,143.6132488
Suburban,21,35,6777.483786,193.6423939,6583.841392,188.2634385,182.8844831
Suburban,64,83,25275.66879,304.52613,24971.14266,231.8868696,229.0930519
Rural,14,62,23983.76586,386.8349333,23596.93093,282.1619513,277.6109521
Urban,48,88,20313.26755,230.8325858,20082.43496,220.7963864,218.2873366
Rural,11,68,22705.92574,333.9106727,22372.01507,244.1497392,240.5593018
Urban,64,84,29720.02353,353.8098039,29366.21372,300.2022578,296.6284214
Urban,10,40,11727.92537,293.1981343,11434.72724,148.4547515,144.7433827
Urban,20,93,41578.7254,447.0830688,41131.64233,288.7411486,285.6364051
Urban,44,57,33338.66644,584.888885,32753.77756,217.8997807,214.0769775
Suburban,16,67,32708.54583,488.1872512,32220.35858,218.0569722,214.8023905
Urban,16,68,16779.52737,246.7577555,16532.76962,217.9159399,214.7112938
Urban,22,38,11862.58004,312.1731588,11550.40688,114.0632696,111.0616046
Urban,28,49,28237.77485,576.2811193,27661.49373,164.1731096,160.822638
Urban,59,98,37376.33813,381.3912054,36994.94692,373.7633813,369.9494692
Suburban,9,47,25557.20195,543.7702542,25013.43169,181.2567514,177.4002248
Urban,11,27,12758.1049,472.5224038,12285.5825,93.1248533,89.67578466
Urban,29,59,16877.47924,286.0589701,16591.42027,191.7895368,188.5388667
Urban,20,56,4981.546949,88.95619552,4892.590754,199.261878,195.7036302
Urban,39,50,32349.05889,646.9811779,31702.07772,239.6226585,234.8302053
Urban,37,93,27241.99305,292.9246564,26949.06839,358.4472769,354.5930051
Rural,22,46,18205.41295,395.7698468,17809.64311,182.0541295,178.0964311
Suburban,19,56,15662.06936,279.6798101,15382.38955,182.1170856,178.8649948
Suburban,16,37,7122.610165,192.5029774,6930.107188,154.8393514,150.6545041
Urban,58,85,29900.47493,351.7702933,29548.70464,325.0051623,321.1815721
Urban,7,27,14995.8523,555.4019371,14440.45036,124.9654358,120.3370864
Rural,16,44,17396.63891,395.378157,17001.26075,142.5954009,139.3545963
Suburban,51,75,19613.27301,261.5103068,19351.7627,297.1708032,293.2085258
Urban,11,21,8348.861649,397.5648404,7951.296809,81.05690922,77.1970564
Suburban,29,42,30881.61041,735.2764383,30146.33397,201.8405909,197.0348626
Suburban,15,25,7236.425238,289.4570095,6946.968229,76.98324722,73.90391733
Suburban,46,67,6544.225091,97.67500136,6446.55009,204.5070341,201.4546903
Suburban,6,29,5726.453727,197.4639216,5528.989805,114.5290745,110.5797961
Urban,70,100,76288.22843,762.8822843,75525.34615,456.8157391,452.2475817
Suburban,10,37,18960.62753,512.4493927,18448.17814,132.5918009,129.0082387
Urban,14,31,15018.45178,484.4661864,14533.98559,145.8102114,141.1066562
Suburban,12,49,17297.90203,353.0184088,16944.88362,205.9274051,201.724805
Rural,19,42,22668.7302,539.7316715,22128.99853,157.4217375,153.6736009
Rural,5,61,6963.982944,114.1636548,6849.819289,240.1373429,236.2006651
Suburban,7,24,12513.79311,521.408046,11992.38506,74.04611305,70.96085834
Rural,10,20,9007.75761,450.3878805,8557.36973,73.23380171,69.57211162
Urban,9,22,1819.214517,82.69156896,1736.522948,181.9214517,173.6522948
Suburban,87,98,3388.261093,34.57409278,3353.687,260.6354687,257.9759231
Urban,14,30,16055.15664,535.1718879,15519.98475,109.2187526,105.5781275
Urban,13,32,10668.83734,333.4011668,10335.43617,96.1156517,93.11203759
Urban,12,22,3956.454037,179.8388199,3776.615217,113.0415439,107.9032919
Urban,8,62,15003.45551,241.9912178,14761.46429,230.8223924,227.0994506
Urban,27,51,18838.40001,369.3803924,18469.01962,204.7652175,200.7502133
Suburban,74,85,59865.51098,704.3001292,59161.21085,338.2232259,334.2441291
Urban,9,28,13075.21807,466.9720738,12608.24599,114.6948953,110.5986491
Suburban,70,93,3824.312959,41.12164472,3783.191314,318.6927466,315.2659428
Suburban,9,36,14545.07279,404.0297998,14141.04299,114.5281322,111.3467952
Rural,22,80,33900.35344,423.754418,33476.59902,240.4280386,237.4226881
Rural,24,60,9943.479747,165.7246625,9777.755085,220.9662166,217.2834463
Urban,45,97,56145.67461,578.8213878,55566.85322,371.8256597,367.9924055
Suburban,14,53,37494.81809,707.4493979,36787.36869,232.8870689,228.4929732
Rural,22,79,42881.95627,542.809573,42339.1467,340.3329863,336.0249738
Urban,24,44,22615.56337,513.9900767,22101.5733,165.0771049,161.3253525
Suburban,12,34,10144.09108,298.35562,9845.73546,163.6143723,158.8021848
Urban,12,55,10079.85911,183.2701657,9896.588946,209.9970648,206.1789364
Suburban,29,49,22947.03909,468.3069202,22478.73217,143.4189943,140.492076
Rural,54,72,15875.88025,220.4983368,15655.38192,214.5389223,211.5592151
Urban,27,72,19148.15629,265.9466151,18882.20967,273.5450898,269.7458525
Suburban,6,99,30837.4543,311.4894374,30525.96487,272.8978257,270.141282
Rural,10,21,13604.80331,647.8477765,12956.95553,90.09803515,85.80765252
Urban,25,50,19195.7071,383.914142,18811.79296,179.3991318,175.8111491
Rural,35,61,34032.88733,557.9161858,33474.97115,295.9381507,291.0867056
Rural,5,24,5491.104202,228.7960084,5262.308193,78.44434574,75.17583133
Rural,17,31,7370.827286,237.7686221,7133.058664,134.0150416,129.6919757
Suburban,20,35,10398.05913,297.0874039,10100.97173,88.8723003,86.33309172
Urban,30,74,58779.91318,794.3231511,57985.59003,328.3794033,323.9418437
Urban,61,94,53001.88093,563.8497972,52438.03114,398.510383,394.2709108
Rural,11,44,14928.63123,339.2870735,14589.34416,135.7148294,132.6304015
Urban,37,84,20911.60305,248.9476554,20662.6554,303.0667109,299.4587739
Suburban,12,27,7540.254898,279.2686999,7260.986198,137.0955436,132.0179309
Suburban,36,59,8557.492062,145.0422383,8412.449823,342.2996825,336.4979929
Urban,20,82,19829.72843,241.8259565,19587.90247,440.6606318,435.2867216
Urban,10,24,10334.63651,430.6098548,9904.02666,106.5426445,102.1033676
Suburban,67,84,18479.47137,219.9937068,18259.47766,228.1416219,225.4256502
Suburban,9,52,19069.86945,366.7282586,18703.14119,186.9595044,183.3641293
Rural,12,38,13561.4933,356.8814026,13204.6119,123.2863027,120.0419263
Urban,12,26,11478.25841,441.4714773,11036.78693,85.65864485,82.36408158
Suburban,39,61,14038.73183,230.1431448,13808.58869,305.1898224,300.1867106
Rural,41,87,13823.60226,158.89198,13664.71028,373.610872,369.3164941
Suburban,46,98,75158.09377,766.9193242,74391.17445,434.4398484,430.0067887
Urban,13,24,11201.35157,466.7229822,10734.62859,69.57361226,66.67471175
Urban,8,44,10274.29145,233.5066238,10040.78483,119.4685052,116.7533119
Urban,59,71,7391.365098,104.1037338,7287.261365,238.4311322,235.0729472
Urban,59,91,3488.554905,38.33576819,3450.219137,232.570327,230.0146092
Urban,14,32,24352.53632,761.0167601,23591.51956,137.584951,133.2854213
Urban,24,79,22504.138,284.8625063,22219.27549,274.4407073,270.9667743
Urban,27,73,15772.3943,216.0601959,15556.3341,315.4478859,311.126682
Rural,16,32,1259.958438,39.3737012,1220.584737,114.5416762,110.9622488
Rural,10,22,10379.20624,471.7821019,9907.424141,80.45896312,76.80173752
Urban,19,35,17803.55509,508.6730025,17294.88208,111.9720446,108.7728433
Suburban,10,24,2282.84426,95.11851082,2187.725749,95.11851082,91.15523953
Rural,31,67,49254.68084,735.1444901,48519.53634,291.4478156,287.0978482
Urban,73,100,45660.3073,456.603073,45203.70423,456.603073,452.0370423
Urban,16,66,8067.963762,122.2418752,7945.721887,237.2930518,233.6977025
Urban,36,96,57582.4455,599.8171406,56982.62836,414.2621978,409.9469666
Urban,8,60,26311.11641,438.5186068,25872.5978,182.7160862,179.6708181
Rural,31,92,47484.23961,516.1330392,46968.10657,320.8394568,317.3520714
Urban,49,92,36568.44557,397.4831041,36170.96247,410.8814109,406.4153087
Urban,37,56,17799.04146,317.8400261,17481.20144,261.7506097,257.0764917
Rural,71,88,29108.96035,330.7836403,28778.17671,267.0546821,264.0199698
Rural,47,87,64668.54749,743.3166378,63925.23085,399.1885648,394.6001904
Suburban,6,85,23304.55857,274.1712773,23030.38729,319.2405284,315.4847575
Rural,54,98,45315.94411,462.4075929,44853.53651,401.026054,396.9339514
Rural,14,28,14926.24737,533.0802632,14393.16711,101.5390978,97.91270141
Suburban,9,36,5155.842319,143.2178422,5012.624477,139.3470897,135.4763372
Suburban,8,20,11498.91285,574.9456425,10923.96721,74.18653452,70.4772078
Rural,36,94,20279.72559,215.7417616,20063.98383,266.8384947,263.9997873
Suburban,82,94,12198.24182,129.7685299,12068.47329,609.9120908,603.4236643
Urban,7,70,22470.0536,321.0007658,22149.05284,192.0517402,189.3081439
Suburban,71,90,15533.34975,172.592775,15360.75698,485.4171798,480.0236556
Urban,10,42,19118.81098,455.2097852,18663.60119,201.2506419,196.4589599
Suburban,18,44,8792.94874,199.8397441,8593.108996,175.8589748,171.8621799
Suburban,16,60,16865.82391,281.0970651,16584.72684,160.6268943,157.9497794
Rural,5,26,10752.24805,413.5480019,10338.70005,76.80177177,73.84785747
Rural,13,79,10593.45174,134.0943259,10459.35742,278.7750458,275.2462478
Rural,8,26,9841.103002,378.5039616,9462.59904,110.574191,106.3213375
Urban,7,62,10047.3223,162.0535855,9885.268718,358.8329394,353.0453113
Rural,16,42,21550.87737,513.1161278,21037.76124,129.8245625,126.7335014
Urban,16,57,17592.39766,308.6385555,17283.75911,181.3649244,178.1830836
Rural,13,33,7889.922035,239.0885465,7650.833488,119.5442733,115.9217195
Rural,10,22,12367.63035,562.1650161,11805.46534,72.75076679,69.44391375
Urban,44,67,31290.33296,467.0198949,30823.31306,242.5607206,238.9404113
Suburban,15,62,20300.86719,327.4333417,19973.43385,278.0940711,273.6086828
Rural,49,95,31548.89353,332.0936161,31216.79992,318.6756922,315.3212113
Urban,36,61,27882.20445,457.0853189,27425.11913,255.8000408,251.6065975
Rural,12,48,26535.1789,552.8162271,25982.36267,147.4176606,144.3464593
Rural,59,93,26137.84798,281.0521289,25856.79586,293.6836852,290.5257961
Urban,18,59,17012.36403,288.345153,16724.01888,173.5955513,170.6532538
Urban,73,95,63348.29957,666.824206,62681.47537,459.0456491,454.2135896
Suburban,33,71,30957.36585,436.0192373,30521.34661,284.0125307,280.0123542
Suburban,7,20,4964.406135,248.2203068,4716.185829,97.34129677,92.47423193
Urban,7,23,11344.37933,493.233884,10851.14545,68.75381413,65.76451786
Suburban,69,80,23320.88657,291.5110821,23029.37548,315.1471158,311.2077768
Urban,10,58,26625.51779,459.0606515,26166.45713,192.9385347,189.6120082
Urban,25,71,42879.44765,603.9358824,42275.51177,253.7245423,250.1509572
Rural,26,69,34679.68029,502.6040622,34177.07623,198.1696017,195.2975785
Suburban,54,89,6656.161093,74.78832689,6581.372766,277.3400455,274.2238653
Urban,62,84,10603.38816,126.2308115,10477.15735,365.6340746,361.281288
Urban,61,98,31354.3532,319.9423796,31034.41082,330.0458232,326.6780086
Urban,25,95,19723.22733,207.6129192,19515.61441,243.4966337,240.9335112
Rural,29,79,24074.79005,304.7441779,23770.04588,243.1796975,240.1014735
Urban,10,82,39504.8021,481.7658793,39023.03622,223.1909723,220.4691312
Rural,5,87,7250.177609,83.33537482,7166.842234,258.9349146,255.9586512
Rural,35,83,42632.54348,513.6451022,42118.89838,367.5219266,363.0939516
Rural,9,47,26384.61924,561.3748775,25823.24437,148.228198,145.0744066
Urban,7,34,17561.37988,516.5111729,17044.8687,117.8616099,114.395092
Rural,13,26,17327.1457,666.4286806,16660.71701,99.5812971,95.75124721
Rural,7,88,50442.35146,573.2085394,49869.14292,388.0180882,383.6087917
Rural,26,57,16176.48173,283.7979252,15892.68381,241.4400259,237.2042359
Rural,17,45,3005.245673,66.78323719,2938.462436,200.3497116,195.8974957
Urban,26,82,23717.60066,289.2390325,23428.36163,208.0491286,205.5119441
Rural,39,54,7961.024877,147.4263866,7813.59849,189.5482114,186.0380593
Suburban,24,95,52461.89209,552.2304431,51909.66165,403.5530161,399.3050896
Suburban,31,63,39851.28894,632.5601419,39218.7288,249.0705559,245.117055
Urban,18,43,21274.04607,494.7452575,20779.30081,136.3720902,133.2006462
Suburban,14,33,3926.555601,118.9865334,3807.569067,230.9738589,223.974651
Urban,23,33,3015.854357,91.38952597,2924.464831,274.1685779,265.8604392
Urban,29,84,35629.10288,424.1559867,35204.9469,379.0330094,374.5207117
Suburban,6,44,6924.052534,157.3648303,6766.687704,173.1013134,169.1671926
Suburban,27,53,14792.03756,279.0950483,14512.94251,255.0351303,250.2231467
Rural,63,78,51095.07823,655.0651055,50440.01313,347.5855662,343.129341
