Actual,Predicted_Lasso,Predicted_LinearRegression,Error_Lasso,Error_LR,Revenue_Per_Minute,Profit_Per_Minute,Cost_Per_Transaction
284.257273,284.2614087,284.257273,-0.00413572,1.71E-13,284.257273,281.0988589,3.158414145
173.8747527,173.8694226,173.8747527,0.005330137,2.27E-13,234.5287363,230.4851374,2.997840565
329.795469,329.7864743,329.795469,0.008994706,2.27E-13,182.2553907,177.9159767,7.852273071
470.2012318,470.2083304,470.2012318,-0.007098636,1.71E-13,312.297833,308.7888686,5.283159907
579.6814224,579.6822964,579.6814224,-0.000874049,2.27E-13,303.4573889,299.5669095,7.431813107
339.9553606,339.9727209,339.9553606,-0.017360265,3.41E-13,156.698174,154.0422728,5.761955264
104.0615413,104.0829805,104.0615413,-0.021439243,7.11E-14,604.8577087,598.3538623,1.118941304
235.8118636,235.8076986,235.8118636,0.004164912,1.42E-13,311.0709689,306.0536953,3.803417154
501.4125175,501.4123011,501.4125175,0.000216352,2.84E-13,309.4655381,305.5482528,6.346993892
398.9933646,399.0025761,398.9933646,-0.009211567,3.41E-13,130.9196977,127.8025621,9.499842014
669.2986265,669.2985823,669.2986265,4.42E-05,2.27E-13,344.6687537,340.6609775,7.782542168
414.9901047,415.0077887,414.9901047,-0.017683987,3.41E-13,172.9125436,170.0306679,6.916501746
490.4107217,490.4292018,490.4107217,-0.018480058,4.55E-13,71.76742269,68.77711341,20.43378007
296.242876,296.2392164,296.242876,0.003659579,2.84E-13,128.490886,124.9216947,8.228968778
327.0888649,327.0932288,327.0888649,-0.004363942,2.27E-13,202.0254754,198.8187218,5.191886744
445.1368684,445.1470165,445.1368684,-0.010148088,3.41E-13,124.0024133,120.8228643,11.41376586
244.5361718,244.5272144,244.5361718,0.008957448,2.56E-13,172.0810098,167.5525622,6.435162417
47.31430863,47.30208911,47.31430863,0.012219524,2.91E-13,145.0972131,141.9429259,1.028571927
129.8082629,129.8060127,129.8082629,0.002250175,2.27E-13,194.7123944,188.8120188,3.933583725
382.9481103,382.9363485,382.9481103,0.01176183,2.84E-13,136.4527749,132.0510725,12.35316485
82.77279318,82.80824622,82.77279318,-0.035453033,1.42E-14,722.3807405,714.8559411,0.862216596
64.07117256,64.06206354,64.07117256,0.009109012,3.27E-13,93.97105308,89.69964158,2.912326025
390.6687658,390.6869248,390.6687658,-0.018158965,2.84E-13,207.9819329,205.1713662,5.279307646
212.166525,212.1557652,212.166525,0.01075981,2.56E-13,113.15548,108.4406683,8.840271874
235.6581337,235.6534346,235.6581337,0.004699059,2.56E-13,174.024468,170.3989582,4.909544452
406.5574981,406.5878411,406.5574981,-0.030343069,3.41E-13,140.5383944,138.0287802,7.259955322
182.4744271,182.4805286,182.4744271,-0.006101553,8.53E-14,437.9386249,431.856144,2.534367042
652.6172973,652.6161313,652.6172973,0.001166012,1.14E-13,400.6574547,396.5269654,6.728013374
403.2270984,403.2374143,403.2270984,-0.010315924,2.84E-13,193.7990705,190.6732791,6.503662877
537.7848595,537.7791429,537.7848595,0.005716554,2.27E-13,233.9979923,229.8927643,9.434822096
286.1314526,286.1269584,286.1314526,0.004494183,3.41E-13,88.31217672,84.77968965,11.4452581
485.0546633,485.0694013,485.0546633,-0.014737965,2.84E-13,237.7718938,234.6016019,6.467395511
171.0859835,171.0789788,171.0859835,0.00700475,2.27E-13,139.0073616,135.4430703,4.38682009
485.8784537,485.8632314,485.8784537,0.015222291,2.84E-13,161.9594846,157.3320707,13.88224154
294.7328865,294.7301334,294.7328865,0.002753084,2.27E-13,260.2835881,256.4558882,4.334307154
392.8387204,392.8369841,392.8387204,0.00173632,5.68E-14,414.4232655,410.1063565,4.092070004
456.1809468,456.1631778,456.1809468,0.01776901,2.84E-13,135.8836863,131.0306975,16.29217667
502.5293208,502.5083364,502.5293208,0.020984372,2.84E-13,124.3884457,119.4129079,20.10117283
244.2176617,244.2224531,244.2176617,-0.004791475,3.69E-13,76.83252277,74.0885041,8.722059345
634.7265312,634.7312814,634.7265312,-0.004750128,2.27E-13,272.5590399,268.8253544,8.694883989
345.4067683,345.4021262,345.4067683,0.004642091,2.27E-13,135.1591702,131.4047488,9.594632453
151.1521296,151.1461637,151.1521296,0.00596599,2.56E-13,188.100428,184.7414918,2.699145172
530.7599939,530.7577046,530.7599939,0.002289267,2.27E-13,411.8697553,407.6236753,5.471752514
482.8501642,482.8726209,482.8501642,-0.022456676,2.84E-13,183.2503635,180.3416276,7.664288321
355.9595075,355.9688591,355.9595075,-0.009351624,2.27E-13,239.3520826,236.2834662,4.563583429
303.9609626,303.9599596,303.9609626,0.001002981,3.98E-13,96.86668039,93.52645003,10.4814125
514.8771742,514.8926732,514.8771742,-0.015498985,3.41E-13,233.4536256,230.2556307,7.053111976
361.132355,361.133801,361.132355,-0.001446027,1.14E-13,353.6087642,349.8469689,3.841833563
80.26246462,80.25188881,80.26246462,0.010575813,2.98E-13,135.442909,132.934707,1.486341937
420.6239113,420.6291902,420.6239113,-0.005278876,2.27E-13,229.1203419,225.7006353,6.277968826
520.8926706,520.8769933,520.8926706,0.015677265,2.27E-13,102.3977045,97.94563037,22.64750742
183.075791,183.0719858,183.075791,0.003805246,1.99E-13,241.7982146,238.3439544,2.615368443
190.1374636,190.1345205,190.1374636,0.002943084,3.41E-13,58.50383495,55.5786432,9.506873179
522.3021029,522.2958669,522.3021029,0.006236003,1.14E-13,443.0241051,438.3606935,5.497916872
410.6863449,410.6818304,410.6863449,0.004514557,2.84E-13,166.5991777,162.7247782,9.550845231
584.9958711,584.9987429,584.9958711,-0.002871796,2.27E-13,378.29733,374.3973575,6.030885269
301.6226264,301.6120125,301.6226264,0.010613985,2.84E-13,141.9400595,137.5044326,9.425707077
413.587084,413.5975905,413.587084,-0.010506463,1.71E-13,306.9591639,303.7280148,4.353548253
273.1181046,273.1204641,273.1181046,-0.002359514,2.84E-13,144.2309092,141.1621664,5.811023503
247.1745627,247.1819463,247.1745627,-0.007383622,4.55E-13,65.7379156,63.10839897,9.886982506
213.4432508,213.4409232,213.4432508,0.002327597,2.84E-13,114.4550765,111.3616961,5.768736508
295.7943802,295.7996427,295.7943802,-0.005262583,2.84E-13,178.0802901,175.0619801,5.01346407
145.0698092,145.064984,145.0698092,0.004825222,1.99E-13,210.1011029,205.0986957,3.454043076
297.0186264,297.0155736,297.0186264,0.003052841,2.27E-13,194.345521,190.6786244,5.604125027
666.6870291,666.6848657,666.6870291,0.002163467,1.14E-13,321.1480201,317.0828553,8.439076318
449.5456339,449.533348,449.5456339,0.012285906,1.14E-13,291.4636528,286.5235908,7.619417524
624.98601,624.9749829,624.98601,0.011027143,2.27E-13,170.0642204,165.8126149,15.62465025
96.03520852,96.02858389,96.03520852,0.006624626,2.13E-13,260.6669945,257.2371657,1.263621165
637.7593916,637.7598694,637.7593916,-0.000477815,2.27E-13,154.7226926,150.9489684,15.55510711
295.588711,295.585999,295.588711,0.002712033,1.14E-13,383.3416096,378.723036,3.561309771
353.3385451,353.3367343,353.3385451,0.001810845,2.27E-13,158.6417958,155.0363004,8.03042148
62.25429042,62.25378239,62.25429042,0.000508032,1.21E-13,377.6760285,373.5257425,0.684113082
266.0685899,266.0632576,266.0685899,0.005332354,2.27E-13,214.4433411,210.4721682,4.92719611
340.1282671,340.1277462,340.1282671,0.000520859,2.84E-13,211.2375554,207.6572578,5.764885883
443.2581554,443.265968,443.2581554,-0.007812676,2.84E-13,241.7771756,238.4191593,6.156363269
265.0552744,265.0622172,265.0552744,-0.006942746,3.41E-13,129.7666448,127.0056523,5.639473924
221.4343855,221.4274889,221.4343855,0.006896592,3.13E-13,118.0983389,114.4077658,6.919824546
393.2308288,393.2317386,393.2308288,-0.000909764,2.84E-13,157.9945294,154.4835399,8.738462863
151.5804041,151.5760602,151.5804041,0.004343885,1.71E-13,272.8447274,269.0552173,2.105283391
313.9950046,313.9898352,313.9950046,0.005169432,2.27E-13,225.432311,221.406734,5.607053654
366.1515261,366.1412389,366.1515261,0.010287143,2.27E-13,187.5410255,183.075763,8.717893478
425.9735688,425.9648506,425.9735688,0.00871824,1.71E-13,226.0267916,221.6801226,8.1917994
359.053128,359.0776149,359.053128,-0.024486866,2.84E-13,203.3797438,200.8688828,4.432754666
260.3441798,260.3420499,260.3441798,0.002129901,1.14E-13,385.5096509,380.5030321,3.381093245
320.3017092,320.2960525,320.3017092,0.005656642,2.27E-13,100.5598389,96.83540045,11.86302627
454.4921215,454.5031346,454.4921215,-0.011013034,2.84E-13,240.23155,236.9851777,6.141785426
45.1150237,45.1002367,45.1150237,0.014787009,1.71E-13,230.5878989,228.0815087,0.490380692
223.6621143,223.6601615,223.6621143,0.001952772,1.42E-13,358.7913083,354.131681,2.904702783
173.1577543,173.1531625,173.1577543,0.004591712,1.99E-13,253.9647063,250.1167562,2.623602337
592.2404996,592.2495845,592.2404996,-0.009084857,2.27E-13,273.0689729,269.5226226,7.69143506
379.3078104,379.3102598,379.3078104,-0.002449379,3.41E-13,117.48472,114.1280138,10.83736601
360.7111703,360.7016635,360.7111703,0.009506829,1.71E-13,216.4267022,211.9178126,7.514816048
203.4926184,203.4886523,203.4926184,0.003966107,1.71E-13,214.0180986,210.5096052,3.335944564
553.5451308,553.537075,553.5451308,0.008055773,2.27E-13,311.918288,307.5250727,7.796410293
283.4664425,283.4728973,283.4664425,-0.00645477,1.71E-13,283.4664425,280.4825853,2.98385729
435.1453451,435.1417768,435.1453451,0.003568331,2.27E-13,314.962345,310.8181037,5.725596646
685.7681265,685.7523105,685.7681265,0.015815958,2.27E-13,140.6703849,136.2744354,21.43025395
630.8608869,630.8542484,630.8608869,0.006638467,2.27E-13,200.728464,196.6319647,12.87471198
546.1568748,546.1515516,546.1568748,0.005323163,3.41E-13,150.3910235,146.433365,14.37254934
115.3570025,115.3509198,115.3570025,0.006082776,2.27E-13,235.840983,233.277494,1.253880462
404.0498951,404.0737331,404.0498951,-0.023837929,4.55E-13,106.3289198,103.6706968,10.10124738
156.0383299,156.0323491,156.0383299,0.005980816,2.84E-13,190.7135143,187.2459959,2.837060543
501.2629551,501.2619426,501.2629551,0.001012509,2.27E-13,221.9332167,218.106782,8.642464743
562.4369765,562.4373235,562.4369765,-0.000347056,3.41E-13,125.808271,122.1080278,16.54226401
216.8024751,216.7987151,216.8024751,0.003759974,2.27E-13,286.3428916,282.2522789,3.097178216
120.0906902,120.1050232,120.0906902,-0.014332982,1.56E-13,382.7890749,375.2834068,2.354719415
221.1576533,221.1561518,221.1576533,0.001501458,1.42E-13,324.3645581,320.6785972,2.513155151
492.7012709,492.6920552,492.7012709,0.009215711,2.84E-13,101.7977832,97.72587192,19.70805084
754.23448,754.2146216,754.23448,0.019858455,2.27E-13,154.481761,149.9381798,22.18336706
211.5277288,211.5201326,211.5277288,0.007596252,1.71E-13,201.4549798,196.4186053,5.288193221
460.7592754,460.7803771,460.7592754,-0.021101692,4.55E-13,74.40833019,71.54647133,17.72151059
164.1074735,164.1038507,164.1074735,0.003622834,2.27E-13,282.8235182,279.3318699,2.026018192
213.696213,213.6962227,213.696213,-9.75E-06,1.42E-13,397.5743498,392.6046704,2.671202662
732.9893961,732.980089,732.9893961,0.009307173,2.27E-13,274.3352126,270.0487249,11.45295931
350.6012026,350.6220441,350.6012026,-0.020841482,3.41E-13,116.0077509,113.4298008,7.791137836
192.8798062,192.8773078,192.8798062,0.002498382,1.42E-13,305.6962966,302.057055,2.296188169
294.1158059,294.1173444,294.1158059,-0.0015386,3.41E-13,107.5262086,104.363673,8.650464878
82.52418775,82.53773742,82.52418775,-0.013549671,1.42E-13,425.3169676,418.9689532,1.231704295
386.1690694,386.1807184,386.1690694,-0.011649025,2.27E-13,287.3097876,284.2204351,4.152355585
310.9003273,310.9032223,310.9003273,-0.002895028,1.14E-13,349.3262104,345.8329483,3.109003273
373.9628407,373.9701509,373.9628407,-0.007310244,3.41E-13,109.0724952,105.9561382,10.68465259
221.5511001,221.5489525,221.5511001,0.002147646,3.41E-13,112.3357691,109.2153311,6.154197226
531.112701,531.1019073,531.112701,0.010793704,3.41E-13,117.0957136,112.9137238,18.96831075
324.9426389,324.9484724,324.9426389,-0.005833524,3.41E-13,63.1832909,60.17456276,15.473459
493.4068923,493.422954,493.4068923,-0.016061671,3.41E-13,79.68061615,76.61597707,18.97718817
778.633356,778.6244723,778.633356,0.008883752,0,434.0657215,429.5908171,8.027148
720.1572086,720.1445175,720.1572086,0.012691055,2.27E-13,109.4975873,105.2861416,27.69835418
38.23523524,38.23143747,38.23523524,0.00379777,1.49E-13,347.9406407,344.1171171,0.42016742
573.5891065,573.5845258,573.5891065,0.004580623,2.27E-13,266.309228,262.2121629,8.824447792
682.016247,682.0083689,682.016247,0.007878062,1.14E-13,389.7235697,385.2948928,7.750184625
516.4367273,516.4452132,516.4367273,-0.008485853,2.27E-13,286.1338624,282.6444251,6.29800887
492.5196024,492.5154318,492.5196024,0.004170574,1.71E-13,264.5766459,260.506236,7.577224653
49.234784,49.2297731,49.234784,0.0050109,2.42E-13,183.5114676,179.0355782,1.20084839
506.6928861,506.7049809,506.6928861,-0.012094779,2.27E-13,283.3479955,280.0144897,5.961092778
304.3133395,304.3137721,304.3133395,-0.000432589,3.41E-13,114.5265256,111.2543392,8.694666842
111.1793412,111.182501,111.1793412,-0.003159719,8.53E-14,401.2124053,396.3785209,1.339510135
163.2145833,163.2139251,163.2145833,0.000658163,1.42E-13,380.8340277,376.6490384,1.793566849
402.8569895,402.8682324,402.8569895,-0.011242926,3.41E-13,134.2856632,131.2337163,9.15584067
289.2351909,289.2393656,289.2351909,-0.004174736,2.27E-13,308.5175369,305.3038126,3.012866572
150.5392948,150.5484098,150.5392948,-0.009114946,1.14E-13,463.661028,457.6394562,1.955055777
194.9355593,194.934926,194.9355593,0.000633326,1.14E-13,385.6333891,381.3956596,2.142149004
674.6485036,674.6451202,674.6485036,0.003383424,1.14E-13,392.1394427,387.9228896,7.254284985
551.557234,551.5586055,551.557234,-0.001371429,3.41E-13,150.7589773,147.0819291,13.45261546
132.2147646,132.2105121,132.2147646,0.004252491,2.84E-13,155.0980892,152.5554976,2.167455157
70.11182411,70.10238745,70.11182411,0.009436657,1.71E-13,253.0122348,249.9638947,0.844720772
346.2847096,346.2827332,346.2847096,0.001976417,2.27E-13,219.6859986,215.9625071,5.869232367
102.0447303,102.0596386,102.0447303,-0.014908396,2.13E-13,329.6829747,321.83338,2.429636435
494.1401793,494.1396071,494.1401793,0.000572195,2.27E-13,320.2028362,316.2497148,6.100496041
183.6583147,183.6547984,183.6583147,0.003516287,1.42E-13,293.8533035,289.7720076,2.550809926
436.5576476,436.5607661,436.5576476,-0.00311843,2.84E-13,148.9839591,145.5192159,10.15250343
31.36208132,31.35031529,31.36208132,0.011766033,1.81E-13,232.0794018,228.9431937,0.42381191
323.4791093,323.489301,323.4791093,-0.010191718,2.27E-13,196.3980307,193.5098243,4.757045725
505.3840569,505.3854712,505.3840569,-0.001414231,2.27E-13,129.9559004,126.3460142,14.03844603
320.8576216,320.8569447,320.8576216,0.000676887,2.27E-13,177.866725,174.3791422,6.291325913
214.5660524,214.5615022,214.5660524,0.004550235,1.99E-13,275.8706389,271.4917398,3.405810356
758.5015334,758.4960521,758.5015334,0.005481378,2.27E-13,413.7281091,409.4184413,7.90105764
665.7295341,665.735148,665.7295341,-0.005613903,1.14E-13,357.591864,353.7876953,7.082229086
171.0663629,171.0645094,171.0663629,0.001853535,1.99E-13,333.1292331,328.6274867,2.311707607
647.3526381,647.3523365,647.3526381,0.00030159,1.14E-13,368.1818129,364.1358589,7.113765254
608.12824,608.129332,608.12824,-0.001091975,1.14E-13,265.5749909,261.726078,8.813452754
246.9229249,246.9184335,246.9229249,0.004491458,2.56E-13,187.9562563,184.2708395,4.841625979
430.0665305,430.0841627,430.0665305,-0.01763221,3.98E-13,130.7634721,127.8576172,9.557034011
396.6387527,396.657333,396.6387527,-0.01858028,2.27E-13,260.6483232,257.8151893,4.31129079
436.0114486,436.0085274,436.0114486,0.002921161,2.27E-13,276.0072473,272.0071422,6.319006502
202.9454569,202.9399216,202.9454569,0.005535213,2.56E-13,236.7696997,232.5416693,3.624026015
731.7816872,731.7719998,731.7816872,0.009687448,2.27E-13,179.8092146,175.6276049,17.01817877
216.0505481,216.0562161,216.0505481,-0.005668016,2.84E-13,221.1946088,218.6225784,2.512215676
83.8683562,83.89768797,83.8683562,-0.029331766,7.11E-14,511.5969728,503.2101372,1.374891085
572.2420493,572.2385294,572.2420493,0.003519893,2.27E-13,197.3248446,193.3783477,11.44484099
118.8070474,118.8141715,118.8070474,-0.007124077,8.53E-14,412.9959268,407.3384484,1.6274938
245.8935712,245.8927595,245.8935712,0.00081172,1.99E-13,259.5543251,256.1391367,3.235441726
387.1117403,387.1081708,387.1117403,0.003569528,1.14E-13,387.1117403,382.6621801,4.449560234
507.9505747,507.9526091,507.9505747,-0.002034475,2.84E-13,193.6789961,190.0246754,9.583973107
249.3029746,249.3025753,249.3029746,0.000399313,2.84E-13,236.006816,232.6827763,3.511309501
45.91711193,45.9045533,45.91711193,0.012558635,2.70E-13,104.9533987,101.673605,1.434909748
424.6120578,424.6086376,424.6120578,0.003420265,1.71E-13,402.4968465,398.0738042,4.66606657
85.9735753,85.96336004,85.9735753,0.010215257,2.84E-13,130.3470335,127.5736924,1.829225006
328.9669926,328.9604264,328.9669926,0.006566231,3.41E-13,86.9682854,83.1870556,14.30291272
172.6294341,172.6247947,172.6294341,0.004639428,2.56E-13,185.6580707,182.4009116,3.028586564
261.9435329,261.9450251,261.9435329,-0.001492251,3.41E-13,147.9210538,144.8393652,5.457156934
199.0416803,199.034078,199.0416803,0.007602325,3.13E-13,78.19494584,74.64063012,9.047349106
232.2834549,232.2809012,232.2834549,0.002553703,2.56E-13,204.9559896,201.5400565,3.871390915
185.3118381,185.3167479,185.3118381,-0.004909827,1.42E-13,483.8697995,478.7222484,1.971402533
153.7614397,153.7630417,153.7614397,-0.001602019,2.27E-13,275.4892461,269.0825195,3.575847435
126.4771353,126.4826553,126.4771353,-0.005519981,9.95E-14,471.8570047,466.9924995,1.303887993
609.5038276,609.5115957,609.5038276,-0.007768096,3.41E-13,165.5877451,162.0646016,12.96816654
287.1624376,287.1618928,287.1624376,0.000544729,2.84E-13,128.7279893,125.4272716,7.363139425
406.3248065,406.3401762,406.3248065,-0.015369659,3.41E-13,146.1600023,143.2368023,8.12649613
249.0371127,249.0289335,249.0371127,0.008179184,2.56E-13,142.8901466,138.807571,7.115346076
620.9016916,620.9074143,620.9016916,-0.005722748,3.41E-13,99.34427065,95.79626098,22.17506041
267.0607017,267.0533977,267.0607017,0.007303934,1.71E-13,267.0607017,261.8242173,5.236484347
715.7547931,715.747141,715.7547931,0.007652132,2.27E-13,224.7137141,220.552349,13.25471839
430.3854879,430.4178776,430.3854879,-0.032389724,2.84E-13,164.5591571,162.0274778,6.621315199
604.273047,604.257375,604.273047,0.015672039,1.14E-13,292.5448878,287.74907,9.906115525
243.5250632,243.5176338,243.5250632,0.007429353,1.99E-13,238.3436788,233.1622945,5.294023112
176.2144067,176.2107029,176.2144067,0.003703861,1.99E-13,285.8589265,281.9430508,2.413895983
471.4796321,471.4843657,471.4796321,-0.004733557,1.14E-13,311.9019105,308.2751441,5.482321303
453.3769494,453.3848664,453.3769494,-0.007917005,2.84E-13,253.7557553,250.3723452,6.045025992
251.1073065,251.1162234,251.1073065,-0.008916909,3.98E-13,100.9606696,98.37193449,6.438648884
521.8019208,521.8000982,521.8019208,0.001822615,3.41E-13,123.8810316,120.1270609,15.81217942
346.4926515,346.4804683,346.4926515,0.012183207,2.84E-13,195.2071276,190.3269494,8.662316288
234.0714535,234.0718881,234.0714535,-0.000434577,3.13E-13,164.1540064,161.1141174,4.334656546
184.0244513,184.0191027,184.0244513,0.005348557,2.27E-13,187.5633831,184.0244513,3.472159459
554.8869659,554.8995273,554.8869659,-0.012561337,1.14E-13,274.0600258,270.6765687,6.850456369
192.6197724,192.6167981,192.6197724,0.00297434,2.56E-13,137.5855517,134.528095,4.280439387
227.7965248,227.8031467,227.7965248,-0.006621867,3.41E-13,51.19023029,48.63071878,11.38982624
416.601649,416.6036784,416.601649,-0.002029366,2.84E-13,164.5401471,161.0392929,8.863864872
671.7128294,671.6934136,671.7128294,0.019415782,1.14E-13,151.8255025,147.2247297,20.35493422
552.6397714,552.6332938,552.6397714,0.00647769,2.27E-13,339.4165525,335.0650583,7.085125275
321.3724051,321.3833217,321.3724051,-0.010916602,3.98E-13,72.65810898,69.86356633,12.36047712
215.4338699,215.4293691,215.4338699,0.004500775,2.27E-13,238.5160703,234.6690369,3.474739837
758.9961232,758.9827636,758.9961232,0.013359599,2.27E-13,388.7541119,384.1260868,9.035668134
694.4247149,694.4107902,694.4247149,0.013924628,1.14E-13,216.7312804,212.3081931,14.17193296
617.3632185,617.3706577,617.3632185,-0.007439177,4.55E-13,119.263349,115.7556035,18.15774172
328.635369,328.6257465,328.635369,0.009622451,1.71E-13,233.3787403,228.6159089,6.706844265
376.3000601,376.3006353,376.3000601,-0.000575243,1.71E-13,312.3290498,308.5660492,4.533735663
70.20380337,70.1924545,70.20380337,0.011348865,1.85E-13,228.8123962,226.2122553,0.797770493
451.684865,451.7128517,451.684865,-0.027986733,2.27E-13,243.4229811,240.7182813,5.018720722
301.4039268,301.4204792,301.4039268,-0.016552454,3.41E-13,164.632397,162.0995909,4.636983489
153.3960711,153.3923318,153.3960711,0.003739356,2.56E-13,211.281381,208.3871155,2.101316043
339.6623042,339.6725658,339.6623042,-0.010261608,2.27E-13,253.2569812,250.2774873,3.996027108
733.4425367,733.4284153,733.4425367,0.014121371,1.14E-13,294.2824993,289.7550762,11.28373133
203.836381,203.8394758,203.836381,-0.003094846,1.99E-13,195.8947038,193.2474781,2.754545689
284.5088586,284.5003586,284.5088586,0.008500048,2.27E-13,176.7403516,172.4296113,6.939240454
492.1134584,492.1340601,492.1134584,-0.02060173,2.27E-13,237.0546537,234.0539619,6.229284283
86.19117981,86.21856443,86.19117981,-0.027384616,1.14E-13,456.813253,448.194135,1.626248676
727.8809448,727.870786,727.8809448,0.010158766,2.27E-13,145.576189,141.4168693,20.79659842
158.6526416,158.6507606,158.6526416,0.001881054,1.14E-13,280.2863336,274.9979122,2.993446069
44.52503661,44.51221585,44.52503661,0.012820761,2.77E-13,114.4929513,111.3125915,1.236806573
452.4258269,452.4275868,452.4258269,-0.001759904,2.27E-13,134.3139174,130.7793406,11.90594281
152.6404792,152.6347575,152.6404792,0.005721731,2.27E-13,220.4806922,216.2406789,2.935393831
420.2245689,420.2214639,420.2245689,0.003105034,1.14E-13,398.3378726,393.9605333,4.617852406
151.3593007,151.3559713,151.3593007,0.003329393,1.71E-13,313.5299799,309.9261871,1.739762077
242.2719657,242.2725288,242.2719657,-0.000563071,1.42E-13,327.5789959,324.1667147,2.523666309
119.0485544,119.0450976,119.0485544,0.003456798,1.85E-13,318.7429036,314.9026277,1.434319932
472.5695408,472.5982993,472.5695408,-0.028758481,3.41E-13,130.3640113,127.6480944,9.845198767
334.6493506,334.6502972,334.6493506,-0.0009466,2.84E-13,226.5854978,223.0995671,5.148451548
406.0855257,406.0953548,406.0855257,-0.009829177,2.84E-13,252.6043821,249.4068583,5.14032311
551.3651376,551.3678535,551.3651376,-0.002715862,2.27E-13,391.0391047,387.1287136,5.513651376
534.0181946,534.0140241,534.0181946,0.004170462,2.27E-13,302.1963427,298.0566667,7.315317734
501.2363001,501.2480951,501.2363001,-0.011795071,2.84E-13,262.23621,258.9167643,6.344763292
159.6069186,159.6194761,159.6069186,-0.012557463,5.68E-14,540.2080323,534.0693047,1.813714984
359.801051,359.8036547,359.801051,-0.002603716,2.84E-13,265.4842706,261.9910565,4.734224355
348.6695625,348.6630181,348.6695625,0.006544339,2.84E-13,200.9977478,196.8957529,7.115705356
490.504076,490.5023303,490.504076,0.001745623,0,426.5252835,422.2600306,4.90504076
485.6832395,485.681292,485.6832395,0.001947479,1.14E-13,358.0884901,353.9725305,5.582565971
424.9275102,424.9150361,424.9275102,0.012474139,2.84E-13,94.4283356,90.13613853,19.31488683
40.44289065,40.4297033,40.44289065,0.013187354,3.13E-13,70.77505864,67.40481775,1.925851936
258.4249153,258.4271104,258.4249153,-0.002195092,1.71E-13,300.418964,297.1886526,2.77876253
511.929391,511.95362,511.929391,-0.024228991,3.98E-13,80.9831805,78.09092405,18.28319254
441.746701,441.7643281,441.746701,-0.017627098,2.27E-13,291.492721,288.4876414,4.554089701
175.5180543,175.5151046,175.5180543,0.002949788,1.99E-13,263.2770815,257.7921423,3.656626132
658.5834277,658.5834729,658.5834277,-4.52E-05,2.27E-13,274.4097615,270.4896221,9.408334681
299.2909931,299.29545,299.2909931,-0.004456917,2.27E-13,245.7336575,242.583226,3.837064014
494.8027992,494.8073447,494.8027992,-0.004545495,3.41E-13,85.90326375,82.4671332,19.79211197
223.519012,223.5150563,223.519012,0.003955611,3.41E-13,77.74574329,74.50633732,9.313292165
434.5710508,434.5689886,434.5710508,0.002062207,1.14E-13,388.1605502,383.9414138,4.723598378
630.4284013,630.4240332,630.4284013,0.004368098,2.27E-13,170.4932154,166.5282569,14.66112561
445.1254111,445.1203771,445.1254111,0.005034046,0,474.8004385,469.8546006,4.636723032
361.985521,361.9818408,361.985521,0.003680159,5.68E-14,442.4267478,437.3991712,4.113471829
267.2821971,267.2799397,267.2821971,0.002257446,1.71E-13,352.1336883,347.8911137,3.220267435
518.954763,518.9573524,518.954763,-0.002589426,3.41E-13,181.4527143,177.82366,10.37909526
575.4934492,575.5041198,575.4934492,-0.010670599,2.27E-13,342.4715618,338.9409271,5.932922156
349.4432162,349.4413564,349.4432162,0.001859872,1.71E-13,341.3166298,337.2533366,4.160038289
279.2349662,279.2308913,279.2349662,0.004074911,2.27E-13,279.2349662,275.1285697,4.106396562
689.7483155,689.7511623,689.7483155,-0.002846801,1.14E-13,296.7073759,292.8540334,8.957770331
88.76294359,88.75374481,88.76294359,0.009198786,2.13E-13,220.5624659,217.8726797,1.082474922
621.7963495,621.7986419,621.7963495,-0.002292396,4.55E-13,76.3609552,72.72471924,29.60934998
307.6219494,307.6182021,307.6219494,0.00374728,1.71E-13,320.4395306,316.1670036,4.101625992
172.4105313,172.4102772,172.4105313,0.000254111,1.42E-13,328.6575752,323.2697461,2.826402152
444.2453021,444.2513436,444.2453021,-0.006041528,1.71E-13,317.3180729,313.7923166,4.936058912
556.8967118,556.909868,556.8967118,-0.013156189,2.27E-13,341.6544244,338.2378802,5.568967118
355.3245755,355.3281305,355.3245755,-0.003555011,1.71E-13,327.1800546,323.6619895,3.82069436
474.9977391,475.0040827,474.9977391,-0.006343675,1.14E-13,328.5698646,324.998453,5.163018903
581.9712306,581.9872131,581.9712306,-0.015982468,4.55E-13,199.439579,196.1700777,9.540511977
663.4393972,663.4287445,663.4393972,0.01065269,1.14E-13,228.3265458,224.0184978,12.51772448
519.4694924,519.4674496,519.4694924,0.002042752,2.27E-13,213.2150902,209.3384522,9.444899861
397.6919501,397.6933449,397.6919501,-0.001394749,2.27E-13,202.3967961,198.8459751,6.977051757
388.1122299,388.1237866,388.1122299,-0.011556745,3.41E-13,101.5062755,98.52079682,11.41506559
591.100076,591.0934209,591.100076,0.006655096,2.27E-13,205.2430819,201.1382203,11.82200152
586.7988633,586.8097752,586.7988633,-0.010911906,4.55E-13,118.0342541,114.6618469,16.76568181
648.9097429,648.888828,648.9097429,0.020914958,2.27E-13,208.2322309,203.3896209,15.09092425
746.3391325,746.3288311,746.3391325,0.010301399,3.41E-13,212.0281626,207.7875994,14.92678265
555.0976878,555.0885083,555.0976878,0.009179425,2.27E-13,236.6695568,232.3664739,10.09268523
417.9131413,417.9087475,417.9131413,0.004393837,5.68E-14,446.7347372,441.9311379,4.493689691
97.80093622,97.81219979,97.80093622,-0.011263569,8.53E-14,510.7382225,505.3048371,1.040435492
193.089112,193.0861865,193.089112,0.002925526,1.14E-13,314.3311126,309.8406681,2.758415886
492.4640116,492.4624525,492.4640116,0.001559171,2.84E-13,134.3083668,130.5775788,13.67955588
408.8156288,408.8208159,408.8156288,-0.00518707,3.41E-13,121.9853086,118.6884084,11.04907105
364.1617948,364.1697655,364.1617948,-0.00797073,2.27E-13,213.4741556,210.3348298,5.355320512
228.6434979,228.6418602,228.6434979,0.001637702,2.27E-13,266.7507475,263.2864521,2.969396076
667.946428,667.9283465,667.946428,0.0180815,3.41E-13,121.0372722,116.5544103,24.73875659
410.342709,410.3389566,410.342709,0.003752336,1.71E-13,405.8334484,401.3241879,4.559363433
710.4192642,710.4095431,710.4192642,0.009721025,2.27E-13,193.3685571,189.1648928,15.44389705
177.2030658,177.2046622,177.2030658,-0.001596366,1.99E-13,243.0213474,240.4898751,1.845865269
74.32837978,74.31933154,74.32837978,0.009048236,2.13E-13,247.7612659,244.6642501,0.929104747
392.3027601,392.3141592,392.3027601,-0.011399119,2.84E-13,247.1198489,244.0308507,4.903784501
168.6101943,168.6069927,168.6101943,0.003201598,1.99E-13,291.6500658,287.0930335,2.634534286
587.2581373,587.2662228,587.2581373,-0.008085538,3.41E-13,200.4414002,196.9248844,10.30277434
563.9803273,563.9996913,563.9803273,-0.019364056,3.41E-13,162.9276501,159.7944261,10.84577552
352.3474983,352.3568039,352.3474983,-0.009305624,1.71E-13,209.5860119,206.5485335,5.106485482
415.3075369,415.3069828,415.3075369,0.000554149,2.27E-13,252.9600452,249.1845222,6.198619954
204.2158433,204.2096436,204.2158433,0.006199685,3.13E-13,85.08993471,81.68633732,8.168633732
319.6520701,319.6497522,319.6520701,0.002317849,2.27E-13,323.6982988,319.6520701,3.995650876
362.0533307,362.0466181,362.0533307,0.006712586,1.71E-13,372.2520161,367.1526734,4.959634668
387.4755378,387.4719976,387.4755378,0.003540165,3.41E-13,87.73031045,84.07488085,16.14481408
348.8532987,348.8452003,348.8532987,0.00809845,2.84E-13,151.8537889,147.7496324,9.428467533
732.2985127,732.2754471,732.2985127,0.023065557,2.27E-13,125.9366869,121.2723652,27.12216714
343.6721334,343.6917125,343.6721334,-0.019579114,3.98E-13,59.43202307,56.84802206,14.94226667
599.7162532,599.7206105,599.7162532,-0.004357267,2.27E-13,151.7354376,148.1226891,14.27895841
484.7545389,484.7815546,484.7545389,-0.027015735,2.84E-13,207.3516525,204.5496031,6.550737012
581.1514566,581.1433744,581.1514566,0.008082178,1.14E-13,294.9126794,290.5757283,8.546344949
603.3651643,603.3559619,603.3651643,0.009202323,2.27E-13,254.2753192,249.9655681,10.22652821
369.8546415,369.8604181,369.8546415,-0.005776611,1.71E-13,299.2460281,295.8837132,4.155670129
708.8801421,708.8780657,708.8801421,0.002076497,1.14E-13,329.9959282,325.9219044,8.751606693
205.8375505,205.8304844,205.8375505,0.007066075,2.84E-13,121.297128,117.6214574,6.237501531
684.5607033,684.5551423,684.5607033,0.005561015,2.27E-13,314.9819187,310.7821598,9.127476044
453.2541299,453.2787779,453.2541299,-0.024647978,2.84E-13,243.4142549,240.6163899,5.209817585
412.584838,412.5942429,412.584838,-0.009404955,2.84E-13,177.7288533,174.5551238,7.367586393
440.4442377,440.4370367,440.4442377,0.007201053,1.71E-13,344.0970607,339.5090999,5.872589836
241.6407114,241.6405385,241.6407114,0.00017283,8.53E-14,392.1709906,388.2096675,2.440815266
201.2925319,201.2842143,201.2925319,0.008317588,2.27E-13,132.853071,128.8272204,6.099773694
220.0511403,220.0432567,220.0511403,0.00788359,1.99E-13,200.4910389,195.6010136,5.367100983
702.913416,702.9083407,702.913416,0.005075223,2.27E-13,223.4695831,219.4064998,12.78024393
431.4216603,431.4168928,431.4216603,0.004767483,5.68E-14,445.8023823,441.0088083,4.638942583
466.8626811,466.8493313,466.8626811,0.013349767,1.71E-13,262.6102581,257.7471052,8.645605205
445.1263612,445.1480464,445.1263612,-0.021685199,3.41E-13,95.78668531,92.96942986,13.0919518
441.6378571,441.6438384,441.6378571,-0.005981278,1.71E-13,301.4353628,297.9303004,5.13532392
669.5210117,669.5156768,669.5210117,0.005334906,1.14E-13,362.4795286,358.2150636,7.876717784
354.3852115,354.4047161,354.3852115,-0.019504604,3.41E-13,195.7052661,193.0606003,4.788989345
489.7125243,489.7398344,489.7125243,-0.02731007,2.84E-13,176.2965087,173.4981515,7.773214671
222.568582,222.5651582,222.568582,0.003423801,1.71E-13,306.0318003,300.4675857,4.046701491
412.2556068,412.2572666,412.2556068,-0.001659768,1.71E-13,388.9203838,385.0311799,4.122556068
472.2157353,472.230281,472.2157353,-0.01454572,2.27E-13,158.4408059,155.3341234,9.259132064
179.9398803,179.9319361,179.9398803,0.007944275,2.56E-13,151.3130812,147.2235385,4.863240009
308.9111533,308.9181313,308.9111533,-0.006977934,1.71E-13,305.8220418,302.7329303,3.12031468
306.3142432,306.3203011,306.3142432,-0.006057839,2.27E-13,162.1663641,159.1632832,5.672485986
224.4648783,224.4612082,224.4648783,0.003670113,2.84E-13,97.59342534,94.34031117,7.48216261
101.0737865,101.0949439,101.0737865,-0.021157442,4.26E-14,566.0132042,559.2749518,1.203259363
633.4966221,633.4773838,633.4966221,0.019238294,2.27E-13,236.9567518,232.1208997,12.92850249
62.87509274,62.86844494,62.87509274,0.006647791,1.63E-13,300.4032209,296.9101601,0.731105729
92.03104706,92.02160291,92.03104706,0.009444153,2.56E-13,152.3272503,149.1537659,1.91731348
106.7358926,106.7363632,106.7358926,-0.000470585,1.28E-13,325.0593094,320.2076779,1.593073024
560.6703257,560.6830287,560.6703257,-0.012702998,1.14E-13,343.969525,340.5298297,5.606703257
322.9000695,322.9048382,322.9000695,-0.004768721,2.84E-13,255.0910549,251.8620542,4.087342652
292.3393609,292.3522455,292.3393609,-0.012884576,2.27E-13,263.1054248,260.4477943,2.952922838
242.751717,242.761563,242.751717,-0.009845998,3.69E-13,85.0882307,82.58563568,7.139756382
442.7796306,442.788562,442.7796306,-0.008931431,2.84E-13,175.8095592,172.5538266,8.199622789
505.5467165,505.5472436,505.5467165,-0.000527102,2.27E-13,297.1534135,293.2942783,6.565541772
474.9171618,474.9294393,474.9171618,-0.012277496,1.71E-13,260.2285818,256.9757245,5.936464522
617.4346784,617.4293348,617.4346784,0.005343614,2.27E-13,310.8174572,306.6172213,8.343711871
294.8553699,294.8483373,294.8553699,0.007032683,1.14E-13,262.6055639,257.9984487,5.172901227
717.467322,717.4549934,717.467322,0.012328606,1.14E-13,463.9622016,459.1790861,7.39657033
266.977217,266.9713372,266.977217,0.005879765,2.27E-13,210.3456861,206.3005768,5.13417725
383.3711771,383.3677302,383.3711771,0.003446872,2.84E-13,195.5193003,191.6855885,7.517081903
266.4336179,266.4320725,266.4336179,0.001545451,1.71E-13,351.2079509,347.1710779,3.062455378
336.3943924,336.394151,336.3943924,0.000241461,1.71E-13,355.9522059,352.0406432,3.696641675
764.8593556,764.8449383,764.8593556,0.014417294,0,398.8530382,394.1606495,8.99834536
588.6941798,588.6871336,588.6941798,0.007046192,2.27E-13,237.9827535,233.8076175,10.32796807
305.2426677,305.228704,305.2426677,0.013963634,2.27E-13,147.3585292,142.0957246,10.90152385
256.3738037,256.3720235,256.3738037,0.001780142,2.27E-13,198.2624082,194.8440908,4.420237994
461.0193486,461.011287,461.0193486,0.008061622,2.27E-13,125.3649106,121.3208812,14.87159189
581.7472844,581.7390712,581.7472844,0.008213212,3.41E-13,109.0776158,105.0377041,21.54619572
472.5465909,472.5420332,472.5465909,0.004557759,5.68E-14,401.2188036,396.7608169,5.250517677
573.4835718,573.4940029,573.4835718,-0.010431033,3.41E-13,184.3340052,180.9204125,10.62006615
192.3850222,192.3757079,192.3850222,0.009314313,2.84E-13,130.1428091,124.4844261,8.364566182
744.0359811,744.0270984,744.0359811,0.008882743,1.14E-13,421.3215797,416.8394352,7.915276395
412.2574631,412.2591427,412.2574631,-0.001679625,1.71E-13,322.3103802,318.5625851,4.793691431
189.560565,189.5577036,189.560565,0.002861327,1.71E-13,311.9850965,308.0359181,2.399500822
357.0434722,357.0409373,357.0434722,0.002534932,1.71E-13,289.6019274,285.6347777,4.891006468
417.1740954,417.169721,417.1740954,0.004374364,1.14E-13,311.8271016,307.6132218,5.637487775
314.8447103,314.8322782,314.8447103,0.012432152,2.84E-13,118.6371372,114.0741704,12.10941194
629.9546011,629.9573603,629.9546011,-0.002759177,1.14E-13,389.7844095,385.8471932,6.363177789
473.561754,473.5662042,473.561754,-0.004450213,2.27E-13,289.1980177,285.5830425,5.919521925
317.8809578,317.886102,317.8809578,-0.005144105,2.27E-13,247.9471471,244.7683375,4.075396895
132.4992195,132.5022033,132.4992195,-0.002983781,1.42E-13,347.8104512,342.2896504,2.103162214
430.785851,430.7817524,430.785851,0.004098578,2.84E-13,93.64909804,89.90313412,17.23143404
350.2265836,350.2430921,350.2265836,-0.016508496,1.71E-13,275.7689634,273.0112738,3.502265836
466.4274793,466.4196208,466.4274793,0.007858487,2.84E-13,191.568429,187.4038979,10.13972781
651.730389,651.7174261,651.730389,0.012962959,2.27E-13,265.1868479,260.6921556,11.04627778
266.3480732,266.3342034,266.3480732,0.013869856,2.84E-13,114.1491742,108.7134993,12.68324158
266.3853768,266.3806603,266.3853768,0.004716432,1.71E-13,266.3853768,262.2231053,4.162271512
303.8032264,303.8089279,303.8032264,-0.005701433,2.84E-13,156.4135423,153.4055896,5.842369739
461.9661914,461.9943377,461.9661914,-0.028146302,3.41E-13,273.3527759,270.6192482,4.619661914
201.0575406,201.0564443,201.0575406,0.001096291,1.99E-13,370.8394637,366.3715184,2.422380007
94.21444739,94.24315497,94.21444739,-0.028707576,4.26E-14,645.0066014,637.7593362,1.058589297
546.8574477,546.8611107,546.8574477,-0.003663073,1.14E-13,385.1108786,381.2597699,5.468574477
292.7468301,292.7422067,292.7468301,0.004623397,1.14E-13,346.4170823,341.5379685,4.123194791
150.9060377,150.9039044,150.9060377,0.002133228,1.71E-13,354.6291885,350.8565376,1.605383379
534.9066334,534.9022459,534.9066334,0.004387461,2.27E-13,207.5757085,203.5838679,10.28666603
315.265403,315.2697375,315.265403,-0.004334438,3.41E-13,82.64238721,79.58155805,11.67649641
601.2360266,601.2421621,601.2360266,-0.006135433,1.14E-13,326.5973478,322.8860143,6.832227575
701.469573,701.4517317,701.469573,0.017841219,3.41E-13,221.5167072,216.9017758,14.61394944
392.0078846,391.998945,392.0078846,0.008939577,1.71E-13,236.0956578,231.6410227,7.396375182
331.8375249,331.8411373,331.8375249,-0.003612405,3.98E-13,97.97107878,94.8107214,10.70443629
307.5259291,307.5429068,307.5259291,-0.016977696,3.98E-13,142.3260498,139.7845132,5.491534448
68.271745,68.25968947,68.271745,0.012055531,2.70E-13,126.0401446,123.4143083,1.422328021
765.4397486,765.4350026,765.4397486,0.004746003,1.14E-13,395.4772034,391.2247604,8.230534931
168.3662892,168.3644411,168.3662892,0.00184811,2.84E-13,133.0636802,130.3480949,3.436046719
351.773619,351.7922008,351.773619,-0.018581826,2.84E-13,191.8765194,189.2115678,4.885744708
363.345753,363.3367162,363.345753,0.00903674,1.71E-13,317.2878406,312.1702948,5.86041537
201.7146763,201.7078249,201.7146763,0.006851374,2.27E-13,207.0229572,201.7146763,5.172171187
121.439999,121.442813,121.439999,-0.002813984,1.28E-13,353.7599971,348.4799972,1.812537299
598.7750233,598.7691947,598.7750233,0.005828629,1.14E-13,384.6146135,380.2439929,6.804261628
371.1242881,371.1106562,371.1242881,0.013631935,2.27E-13,134.5325544,129.8935008,12.79738924
173.6669675,173.6652606,173.6669675,0.001706915,1.14E-13,310.1195848,307.0183889,1.736669675
538.518528,538.5175806,538.518528,0.000947359,2.27E-13,405.9601211,401.8176709,5.49508702
281.962567,281.9566617,281.962567,0.005905338,2.84E-13,131.5825313,127.8230304,8.056073343
258.0144597,258.021829,258.0144597,-0.00736927,2.84E-13,157.5246175,154.8086758,4.448525167
476.2019962,476.1824239,476.2019962,0.019572274,2.84E-13,106.9024889,102.0432849,21.64554528
124.6455032,124.6457567,124.6455032,-0.000253488,1.71E-13,373.9365097,369.4848846,1.483875039
111.1127149,111.1265302,111.1127149,-0.0138153,9.95E-14,532.1714242,526.3233866,1.221018846
421.8171879,421.8225959,421.8171879,-0.005408012,2.27E-13,188.9741002,185.5995627,7.532449784
134.0510145,134.0648348,134.0510145,-0.013820327,5.68E-14,565.3455829,559.5172779,1.381969222
132.4032477,132.3990376,132.4032477,0.004210169,1.99E-13,251.5661707,247.1527291,2.322863995
547.9814624,548.0004043,547.9814624,-0.018941865,1.14E-13,299.4782411,296.2923024,5.829590026
281.9682458,281.9661487,281.9682458,0.002097118,1.71E-13,348.3137154,344.1671235,3.356764831
182.4663214,182.4602927,182.4663214,0.006028753,2.27E-13,208.5329388,203.3196153,4.561658036
313.7742266,313.7732383,313.7742266,0.000988242,2.27E-13,234.4290198,230.8224195,4.827295793
422.886661,422.8851608,422.886661,0.001500249,2.27E-13,127.5951132,123.9495386,12.08247603
529.6967147,529.6968713,529.6967147,-0.000156618,3.41E-13,148.1669132,144.4627404,13.24241787
25.99344945,25.97671024,25.99344945,0.016739208,2.49E-13,158.5600416,155.9606967,0.426122122
351.5699575,351.5745446,351.5699575,-0.004587029,1.71E-13,161.2706227,158.0452103,7.03139915
154.6871597,154.6857065,154.6871597,0.001453217,2.56E-13,252.6556941,250.0775748,1.578440405
106.5920823,106.6023298,106.5920823,-0.010247506,1.85E-13,359.7482777,353.0862725,1.97392745
132.1665679,132.1582748,132.1665679,0.00829307,2.56E-13,139.7189432,135.9427556,3.572069403
76.22496122,76.21794318,76.22496122,0.00701804,1.99E-13,270.2521352,266.7873643,0.977243093
598.94004,598.9377783,598.94004,0.002261712,2.27E-13,344.5956394,340.4933104,7.130238571
563.1508996,563.1621093,563.1508996,-0.011209718,3.41E-13,147.4919023,144.1398136,12.79888408
310.1546163,310.1670419,310.1546163,-0.012425638,3.41E-13,67.42491658,64.72791992,12.40618465
145.1375686,145.1326096,145.1375686,0.00495897,1.99E-13,196.9724145,191.78893,3.8194097
323.5576858,323.554869,323.5576858,0.002816711,1.14E-13,376.7452505,372.3129535,3.806561009
31.56567616,31.55033063,31.56567616,0.01534553,2.95E-13,88.95781464,86.08820771,1.018247618
144.4626376,144.4609238,144.4626376,0.0017138,1.42E-13,312.2257007,307.5656156,2.15615877
252.4930471,252.490283,252.4930471,0.002764056,1.42E-13,308.6026131,304.594787,3.279130482
146.5127744,146.5048605,146.5127744,0.007913876,2.56E-13,146.5127744,141.9342502,4.578524201
501.80135,501.8154643,501.80135,-0.014114305,2.84E-13,228.3839477,225.1672724,7.067624648
610.7325515,610.7194725,610.7325515,0.013078938,1.14E-13,300.739514,296.1127522,9.395885407
194.2623994,194.2611413,194.2623994,0.001258086,1.14E-13,336.0214475,330.7711124,3.03534999
318.210126,318.207181,318.210126,0.002944938,2.84E-13,175.5642074,171.9066198,6.629377625
512.6251102,512.6528384,512.6251102,-0.027728154,2.27E-13,216.4417132,213.5937959,6.74506724
555.8919188,555.9130598,555.8919188,-0.021141005,2.27E-13,236.0211499,232.9156084,7.314367352
242.1588608,242.1592253,242.1588608,-0.000364572,2.84E-13,226.2273568,223.041056,3.41068818
41.40499128,41.40248339,41.40499128,0.002507887,1.63E-13,314.6779337,310.5374346,0.544802517
180.8865537,180.8866082,180.8865537,-5.45E-05,1.71E-13,307.5071413,301.4775895,3.546795171
537.8971059,537.9140582,537.8971059,-0.016952319,1.14E-13,283.4427863,280.2218456,6.112467112
556.6629286,556.6677377,556.6629286,-0.004809098,1.14E-13,216.8816605,213.2669662,9.277715477
158.5563431,158.5524435,158.5563431,0.003899663,1.99E-13,222.5887125,219.539552,2.172004701
59.4454065,59.43202104,59.4454065,0.01338546,2.98E-13,62.14747043,59.4454065,2.584582891
334.1449975,334.1537918,334.1449975,-0.008794304,2.27E-13,222.7633317,219.7530164,4.515472939
443.7750198,443.7908981,443.7750198,-0.015878316,3.41E-13,146.9255133,143.9270335,9.056633058
145.2420374,145.2333771,145.2420374,0.008660208,2.84E-13,128.6429474,124.4931749,4.685227011
210.6317666,210.6268548,210.6317666,0.004911765,2.27E-13,214.3930482,210.6317666,3.695294151
152.2291926,152.2242315,152.2291926,0.004961044,2.27E-13,249.8120083,245.9086957,2.378581134
612.4467268,612.4445678,612.4467268,0.002159077,2.27E-13,353.4927417,349.382361,7.121473568
250.2858824,250.2794725,250.2858824,0.006409868,1.99E-13,265.0085813,260.101015,4.634923748
309.0825447,309.0803186,309.0825447,0.002226165,5.68E-14,430.6887918,425.6218649,3.636265232
94.1609177,94.18320373,94.1609177,-0.022286028,1.42E-13,455.1111022,447.2643591,1.623464098
243.9373065,243.937086,243.9373065,0.000220503,1.14E-13,410.8417794,406.5621775,2.54101361
331.1930539,331.1891483,331.1930539,0.003905601,2.84E-13,225.9905544,222.0941655,5.710225067
595.2312212,595.231087,595.2312212,0.000134165,2.27E-13,303.5285035,299.5865749,7.7302756
465.9626816,465.9591324,465.9626816,0.00354925,1.14E-13,408.816315,404.4204407,5.010351416
104.7520101,104.7537237,104.7520101,-0.001713626,1.85E-13,256.060469,250.2409129,2.380727501
784.055126,784.0295234,784.055126,0.02560265,2.27E-13,93.33989596,88.67290116,39.2027563
382.9299379,382.943625,382.9299379,-0.013687101,2.84E-13,206.1930435,203.2474286,5.470427684
319.2967131,319.3133205,319.2967131,-0.016607378,2.84E-13,109.0281459,106.4322377,7.602302693
640.1373391,640.1292663,640.1373391,0.00807278,1.14E-13,389.4541853,384.9777004,7.35790045
243.4933854,243.4894904,243.4933854,0.003894988,1.71E-13,299.0269645,294.7551507,3.478476934
135.0058741,135.0014462,135.0058741,0.004427919,1.99E-13,257.3549475,253.136014,2.213211051
392.9639433,392.9660808,392.9639433,-0.002137468,2.27E-13,253.6403634,250.0679639,5.534703427
617.2885001,617.2918855,617.2885001,-0.003385448,2.27E-13,308.64425,304.8338272,7.62084568
310.7883995,310.7860857,310.7883995,0.002313826,1.14E-13,415.9783193,411.1969593,3.572280454
770.0708908,770.0567661,770.0708908,0.014124769,1.14E-13,396.7031862,392.0360899,9.059657539
373.5047076,373.5264313,373.5047076,-0.021723666,2.27E-13,241.0562297,238.4072602,4.104447336
814.4195559,814.402738,814.4195559,0.016817965,0,393.0047857,388.2697883,9.812283807
473.3466933,473.3635914,473.3466933,-0.016898126,3.41E-13,195.4463766,192.392527,7.396042083
266.7677789,266.7659123,266.7677789,0.001866609,2.27E-13,248.742929,245.137959,3.866199694
369.3616589,369.3837498,369.3616589,-0.02209088,3.98E-13,96.24212238,93.64098394,9.982747537
111.7239412,111.7175598,111.7239412,0.006381476,1.71E-13,273.4296457,270.4895419,1.201332702
429.9483561,429.9530067,429.9483561,-0.004650526,2.27E-13,228.8434799,225.3761544,6.514369032
414.7783003,414.77232,414.7783003,0.005980305,2.84E-13,189.2677681,185.2407943,8.825070219
227.18257,227.178966,227.18257,0.00360397,1.42E-13,304.3389145,300.052451,3.199754507
247.4420018,247.441643,247.4420018,0.00035883,2.56E-13,186.3848845,183.171352,4.266241411
213.8232969,213.8236326,213.8232969,-0.000335707,1.42E-13,419.2613664,415.0687528,2.138232969
652.587891,652.5940968,652.587891,-0.006205889,1.14E-13,354.585328,350.8131437,6.942424372
289.6463054,289.6393572,289.6463054,0.006948161,2.84E-13,205.6908546,201.493082,5.91114909
123.7624693,123.7546982,123.7624693,0.007771155,2.27E-13,162.438241,158.5706638,2.94672546
292.5906289,292.5877636,292.5906289,0.00286531,1.14E-13,330.209424,326.0295579,3.703678847
440.9395108,440.9531436,440.9395108,-0.013632872,2.84E-13,181.9260919,178.8425988,7.47355103
298.3226184,298.3268759,298.3226184,-0.004257487,2.27E-13,166.0765092,163.0010183,5.524492933
629.2044296,629.2074696,629.2044296,-0.00304007,2.27E-13,224.7158677,220.9706032,10.48674049
441.9961924,441.9953721,441.9961924,0.000820381,3.98E-13,93.43008946,89.83662448,16.99985356
691.5012906,691.489473,691.5012906,0.011817575,0,423.3681371,418.6640467,7.683347673
106.9485906,106.9414124,106.9485906,0.007178159,3.13E-13,151.5105033,147.0543121,3.145546782
561.438522,561.4560675,561.438522,-0.017545543,3.41E-13,258.1326538,254.9059956,7.017981525
328.4583569,328.4460204,328.4583569,0.012336435,2.27E-13,91.96833993,87.58889517,15.64087414
133.3873831,133.384934,133.3873831,0.002449098,1.99E-13,359.4048935,355.6996884,1.375127661
114.6992021,114.7162367,114.6992021,-0.017034576,1.14E-13,458.7968085,451.6281084,1.792175033
237.143389,237.1363966,237.143389,0.006992398,1.99E-13,242.29868,237.143389,5.045604021
157.1065717,157.0994228,157.1065717,0.007148874,2.27E-13,164.587837,160.8472044,3.570603903
431.2515977,431.2543763,431.2515977,-0.002778571,3.98E-13,71.30931931,67.91363743,20.53579037
585.8075882,585.8110592,585.8075882,-0.003471017,2.27E-13,210.0064939,206.3221694,10.27732611
647.2043749,647.2005088,647.2043749,0.003866157,2.27E-13,250.7916953,246.7466679,10.43878024
559.5788398,559.5743188,559.5788398,0.004520989,3.41E-13,96.47911031,92.6199459,22.38315359
173.1505323,173.1485426,173.1505323,0.001989634,1.42E-13,346.3010645,342.5369225,1.882071003
198.1704675,198.174049,198.1704675,-0.00358145,3.41E-13,96.54458673,94.00393972,5.215012303
192.7088692,192.7081115,192.7088692,0.000757759,1.42E-13,381.5635611,377.7093837,1.946554235
165.0758242,165.0753766,165.0758242,0.000447591,3.41E-13,88.88698225,86.34735418,4.716452119
379.4680329,379.4768195,379.4680329,-0.008786604,3.41E-13,91.80678215,88.74655608,12.64893443
461.1095538,461.1219348,461.1095538,-0.012380964,3.41E-13,87.23694262,84.12133753,16.46819835
234.5672446,234.567041,234.5672446,0.000203631,2.56E-13,184.5262324,181.3986692,3.97571601
540.0620307,540.0578271,540.0620307,0.004203528,3.41E-13,91.92545203,88.09522486,22.50258461
318.8415033,318.8324499,318.8415033,0.009053369,2.84E-13,83.69589462,79.71037583,15.18292873
196.3151415,196.3146597,196.3151415,0.000481779,1.71E-13,383.4993462,378.9338778,2.337085018
622.4914304,622.5020046,622.4914304,-0.010574161,1.14E-13,359.8216361,356.2234197,6.224914304
349.6745279,349.6645626,349.6745279,0.009965357,2.84E-13,126.3883836,122.1754375,11.6558176
206.1473319,206.1409186,206.1473319,0.006413245,1.99E-13,226.2592667,221.231283,4.581051819
635.9330545,635.9332176,635.9330545,-0.000163118,1.14E-13,203.0388668,199.2079448,11.99873688
251.1121418,251.1085324,251.1121418,0.003609411,1.42E-13,340.047692,334.8161891,3.86326372
324.0987674,324.107375,324.0987674,-0.008607521,2.27E-13,281.6933212,278.6643608,3.484932983
425.4887348,425.4959773,425.4887348,-0.00724247,3.41E-13,90.25518617,87.03178666,15.19602624
470.2690237,470.2606453,470.2690237,0.008378366,2.84E-13,156.7563412,152.6311744,12.37550062
398.051726,398.0405506,398.051726,0.011175331,3.41E-13,105.8648207,101.6302279,15.92206904
564.931725,564.9189463,564.931725,0.012778724,1.14E-13,373.3461835,368.4337337,7.433312171
238.3189915,238.3153966,238.3189915,0.003594849,3.41E-13,71.82216181,68.55751809,10.83268143
184.9552256,184.9568029,184.9552256,-0.001577312,3.41E-13,102.7529031,100.1840805,4.623880641
624.305616,624.3084443,624.305616,-0.002828294,2.27E-13,345.1130424,341.2353677,7.014669842
389.3845083,389.3819333,389.3845083,0.002575056,3.41E-13,112.8123342,109.1732266,12.56079059
574.8939389,574.8851174,574.8939389,0.008821567,1.14E-13,437.1094412,432.3582516,6.248847162
517.944462,517.9319801,517.944462,0.012481923,1.14E-13,270.6376468,265.9714805,8.930076931
527.1792012,527.1719279,527.1792012,0.007273288,2.27E-13,244.6111493,240.3937157,9.089296572
201.4968308,201.4912691,201.4968308,0.005561699,3.41E-13,122.9472188,119.5320183,5.597134189
627.016751,627.0122486,627.016751,0.004502371,2.27E-13,270.4778142,266.3796655,9.500253803
218.6251779,218.6263199,218.6251779,-0.001142057,2.27E-13,224.5339665,221.5795722,2.876647077
654.6765363,654.6651941,654.6765363,0.011342188,2.27E-13,240.0480633,235.6835531,11.90320975
293.5602166,293.5560897,293.5602166,0.004126933,3.41E-13,73.39005416,69.89528968,13.97905794
421.985262,421.979835,421.985262,0.005426992,1.71E-13,252.3637351,248.2266247,6.91779118
553.7408049,553.7328771,553.7408049,0.007927783,2.27E-13,316.4233171,312.0285488,7.690844512
330.62431,330.6330839,330.62431,-0.008773951,2.27E-13,193.6088302,190.6302328,5.086527846
261.4451503,261.4441865,261.4451503,0.000963795,3.41E-13,62.9988314,59.84888983,13.07225751
520.0637873,520.0662164,520.0637873,-0.002429094,4.55E-13,77.83267565,74.29482676,23.63926306
117.6332781,117.6445227,117.6332781,-0.011244603,1.42E-13,445.7682118,439.5769866,1.633795529
493.0149509,493.0174262,493.0149509,-0.002475331,2.84E-13,150.0480285,146.4754564,11.73845121
203.1132957,203.1127494,203.1132957,0.000546377,1.71E-13,332.972616,329.6428898,2.031132957
421.7762985,421.7788674,421.7762985,-0.002568926,1.71E-13,321.881912,318.1821199,4.848003431
305.0088859,305.0017352,305.0088859,0.007150634,2.27E-13,142.601557,138.6404027,8.472469052
317.7718882,317.7677,317.7718882,0.004188177,1.71E-13,292.6846339,288.5034248,4.539598403
364.9140561,364.9040968,364.9140561,0.009959224,2.27E-13,180.2587506,175.8621957,8.900342831
398.3194964,398.3476926,398.3194964,-0.028196156,3.41E-13,149.6869445,147.1498777,6.751177905
461.3060121,461.305526,461.3060121,0.000486061,2.84E-13,119.8669165,116.2345857,13.97897006
358.2348071,358.2276225,358.2348071,0.00718459,1.71E-13,358.2348071,353.117167,5.117640102
224.3071068,224.3065497,224.3071068,0.000557081,2.56E-13,136.4029703,133.3717932,4.984602373
558.3815496,558.382374,558.3815496,-0.000824412,1.14E-13,393.6790781,389.6619447,5.697770914
660.4425623,660.4278931,660.4425623,0.014669166,1.14E-13,358.9361751,354.1503595,8.80590083
537.4486717,537.4603715,537.4486717,-0.011699816,2.27E-13,344.5183793,341.0731955,5.374486717
480.1043704,480.1011629,480.1043704,0.003207438,1.14E-13,311.8626679,307.7592118,6.317162768
162.2831045,162.2782132,162.2831045,0.004891296,2.84E-13,94.41926081,91.46865891,5.071347016
638.0445145,638.0411719,638.0445145,0.003342641,3.41E-13,136.1680366,132.2775213,18.22984327
420.111098,420.1256814,420.111098,-0.014583431,3.98E-13,88.75586577,85.79733691,14.00370327
124.4906005,124.4979135,124.4906005,-0.007313031,8.53E-14,424.3997744,418.7411108,1.659874673
235.2781176,235.2679314,235.2781176,0.010186201,2.56E-13,106.9445989,102.666815,9.411124705
127.3314901,127.329405,127.3314901,0.002085133,1.85E-13,350.1615978,346.1824887,1.446948751
391.0269904,391.025328,391.0269904,0.001662396,2.84E-13,157.1416877,153.4872299,9.093650939
319.5430197,319.5582817,319.5430197,-0.01526198,3.41E-13,102.9932047,100.3523533,8.193410762
380.2853708,380.2906924,380.2853708,-0.005321636,2.84E-13,259.1325093,255.767152,4.938771049
179.6234225,179.6165576,179.6234225,0.006864863,2.84E-13,150.2971494,146.6313653,4.381059085
452.1126401,452.1166684,452.1126401,-0.004028278,2.27E-13,177.3672665,173.889477,8.864953728
565.6691466,565.6667431,565.6691466,0.00240352,2.27E-13,113.8931168,110.0966795,18.85563822
402.1558776,402.1596185,402.1558776,-0.003740904,2.84E-13,96.38446653,93.06086423,13.86744405
689.84216,689.8259273,689.84216,0.016232611,2.27E-13,91.11122867,86.77259874,32.84962666
307.6469281,307.6434634,307.6469281,0.003464673,2.84E-13,185.3294748,181.6228853,6.152938562
186.5262771,186.521586,186.5262771,0.004691077,2.27E-13,218.8096712,215.2226274,3.057807821
91.06777716,91.08207103,91.06777716,-0.01429387,1.42E-13,435.8243621,429.3195209,1.359220555
143.8549861,143.8527766,143.8549861,0.002209476,1.99E-13,318.2246661,313.8654241,1.970616247
553.8373591,553.8428596,553.8373591,-0.005500491,3.41E-13,122.6854909,119.1801912,15.82392455
336.5684837,336.5685662,336.5684837,-8.26E-05,1.14E-13,380.1244051,376.1647759,3.505921705
95.02020686,95.01044386,95.02020686,0.009763,2.70E-13,124.5092366,121.2326777,2.500531759
575.0117219,575.0253091,575.0117219,-0.013587241,1.14E-13,252.1981236,248.835482,7.666822959
264.6757476,264.6694223,264.6757476,0.006325246,1.71E-13,260.1123726,255.5489977,4.643434168
185.6179239,185.6113377,185.6179239,0.006586222,2.84E-13,126.0800993,122.5778743,5.156053442
251.1556503,251.1521113,251.1556503,0.003538929,1.71E-13,321.6554819,317.2492424,3.44048836
299.6890563,299.7006458,299.6890563,-0.011589506,2.84E-13,185.2623257,182.5378797,4.407192004
92.65681121,92.64624203,92.65681121,0.010569188,3.13E-13,74.72323485,71.73430546,3.706272449
332.2293764,332.2349639,332.2293764,-0.005587489,1.14E-13,319.0717774,315.7823776,3.425045118
184.1120897,184.1031427,184.1120897,0.008947011,2.56E-13,125.5309703,121.3466046,6.137069657
124.5817745,124.5872325,124.5817745,-0.005458022,1.42E-13,430.8453033,425.6543961,1.500985234
60.98181722,60.96872026,60.98181722,0.013096962,3.20E-13,74.84132113,72.06942035,2.258585823
35.88598786,35.87685798,35.88598786,0.009129876,2.34E-13,208.1387296,204.5501308,0.618723929
132.1230188,132.1196511,132.1230188,0.003367726,1.99E-13,183.8233305,178.0788514,4.128844337
561.5796822,561.5869855,561.5796822,-0.007303274,2.27E-13,271.8474895,268.2705488,7.389206345
546.3787899,546.398633,546.3787899,-0.019843164,3.41E-13,64.10030496,61.04790948,26.01803761
147.4597413,147.4527231,147.4597413,0.007018258,2.56E-13,169.0392157,165.4426366,3.137441305
668.892214,668.8870963,668.892214,0.005117771,3.41E-13,130.6120891,126.654147,20.26946103
62.06928479,62.06130956,62.06928479,0.007975228,1.85E-13,300.5460106,297.2792061,0.674666139
477.7411362,477.7282775,477.7411362,0.012858666,3.41E-13,103.2953808,98.99140659,19.90588067
411.0057654,411.0280867,411.0057654,-0.022321245,3.41E-13,205.5028827,202.7628443,5.480076872
650.2985712,650.306794,650.2985712,-0.008222783,1.14E-13,326.9862872,323.312284,7.306725519
243.2286176,243.2260835,243.2286176,0.002534143,1.99E-13,239.6517262,236.0748347,3.630277875
680.9330686,680.9191185,680.9330686,0.013950168,2.27E-13,276.9127812,272.3732274,11.16283719
432.3072577,432.3252917,432.3072577,-0.018033966,2.27E-13,235.2692559,232.3283902,5.403840722
720.7299449,720.7171796,720.7299449,0.012765278,1.14E-13,295.4545116,290.9779281,10.92015068
510.454375,510.4785355,510.454375,-0.024160472,3.98E-13,113.112049,110.2117401,13.08857372
522.7974319,522.790666,522.7974319,0.006765829,1.14E-13,187.8803271,183.7959721,11.36516156
432.1627923,432.1650021,432.1627923,-0.002209787,1.71E-13,334.4564219,330.6984845,4.855761711
382.4570671,382.4680819,382.4570671,-0.011014792,2.27E-13,182.1224129,179.0870394,6.374284452
351.4393159,351.4428439,351.4393159,-0.003527969,1.71E-13,192.2969842,188.9815189,6.05929855
510.1957863,510.2074252,510.1957863,-0.011638918,2.27E-13,225.2812563,221.9682967,7.502879211
313.9264406,313.9425129,313.9264406,-0.01607232,3.98E-13,116.7495027,114.1550693,6.976143124
372.229822,372.2318893,372.229822,-0.002067334,1.71E-13,335.3753841,331.6899404,4.090437604
314.4680085,314.4569957,314.4680085,0.011012833,2.27E-13,185.822005,181.0573382,8.06328227
491.5779539,491.5873699,491.5779539,-0.009416053,1.71E-13,335.7962079,332.3343913,5.067813957
527.1558944,527.148042,527.1558944,0.007852377,2.27E-13,172.9730278,168.8546224,12.55133082
432.8493969,432.8429546,432.8493969,0.006442354,2.27E-13,105.2876911,101.388147,16.03145915
544.6027808,544.61816,544.6027808,-0.015379255,2.27E-13,217.1927757,213.9510925,8.128399713
470.1827135,470.1892516,470.1827135,-0.006538033,2.27E-13,238.5485826,235.0913568,6.814242225
53.53910401,53.5274567,53.53910401,0.011647306,1.99E-13,205.233232,202.2588374,0.775929044
352.0685727,352.0666107,352.0685727,0.001961955,1.71E-13,409.2797158,404.8788586,3.785683577
396.3698341,396.3692144,396.3698341,0.000619703,1.71E-13,329.6541195,325.7296657,4.718688501
367.7829981,367.7992533,367.7829981,-0.016255264,2.27E-13,271.5935986,268.7644986,3.831072896
352.9356731,352.9412626,352.9356731,-0.005589491,3.41E-13,93.69973621,90.57641167,11.76452244
339.1055826,339.0990713,339.1055826,0.006511236,2.27E-13,260.8504481,256.5029407,5.651759709
347.8959667,347.9053511,347.8959667,-0.009384361,2.27E-13,217.813127,214.7879447,4.831888427
469.2509136,469.2386201,469.2509136,0.0122935,2.84E-13,134.6923919,130.347476,15.13712624
213.8430201,213.840437,213.8430201,0.002583129,1.99E-13,244.8847488,241.4356679,3.011873523
567.5392185,567.5338992,567.5392185,0.005319251,1.14E-13,400.3571231,395.9575943,6.236694708
492.1790132,492.1732471,492.1790132,0.005766083,1.14E-13,418.5821514,413.9823476,5.408560585
173.8874745,173.8811903,173.8874745,0.006284181,3.13E-13,104.9886638,101.7077681,5.433983577
418.1068244,418.1103846,418.1068244,-0.003560218,3.98E-13,76.93165569,73.58680109,18.17855758
658.3040013,658.2968241,658.3040013,0.007177231,2.27E-13,255.7741661,251.581147,10.79186887
764.5953414,764.5805167,764.5953414,0.014824696,1.14E-13,254.8651138,250.393796,13.41395336
384.209292,384.2068713,384.209292,0.002420706,2.27E-13,379.9402998,375.6713077,4.316958337
404.6018875,404.6061526,404.6018875,-0.004265084,2.27E-13,219.4450915,216.016262,6.321904493
446.8170258,446.8109213,446.8170258,0.006104517,0,451.7816594,446.8170258,4.910077207
158.1067232,158.1035156,158.1067232,0.0032076,1.71E-13,287.7542362,284.5921017,1.737436518
284.2362895,284.23149,284.2362895,0.004799582,1.71E-13,326.871733,322.1344615,4.119366515
591.2989763,591.2965348,591.2989763,0.002441558,2.27E-13,285.5933831,281.5709411,8.328154596
36.00027803,35.98616473,36.00027803,0.014113302,2.84E-13,114.0008804,111.0008573,0.947375738
581.1370846,581.1467992,581.1370846,-0.009714625,1.14E-13,358.7265954,355.1393295,5.811370846
588.1367699,588.1324169,588.1367699,0.004352975,1.14E-13,265.4784031,261.3941199,9.048257998
400.267333,400.2603855,400.267333,0.006947529,1.14E-13,339.7618059,335.1075346,5.483114151
575.4102708,575.4230765,575.4102708,-0.01280567,3.41E-13,187.3428789,183.9974703,10.27518341
190.9788527,190.9793362,190.9788527,-0.000483557,2.56E-13,207.5857094,204.8179,2.546384702
398.1593839,398.1618303,398.1593839,-0.002446358,1.71E-13,364.3533985,360.5971779,4.104735917
770.8733245,770.8625225,770.8733245,0.010801998,0,428.7697781,424.2083975,8.200780047
211.082023,211.0788109,211.082023,0.00321205,2.27E-13,174.8023003,171.5041437,3.982679679
618.4288567,618.4215053,618.4288567,0.007351399,1.14E-13,355.2676411,350.8816208,7.634924157
739.22712,739.2138874,739.22712,0.013232594,3.41E-13,204.3745567,200.0261619,15.7282366
128.7410739,128.7367726,128.7410739,0.00430127,2.27E-13,294.2653117,290.5869953,1.609263424
584.49173,584.4895973,584.49173,0.002132678,1.14E-13,302.3233086,298.2923312,7.793223067
328.3139822,328.3197868,328.3139822,-0.005804632,2.27E-13,286.4700433,283.2512787,3.688921148
274.6803754,274.6845626,274.6803754,-0.004187121,3.41E-13,87.66394961,84.74181796,9.156012515
108.2430435,108.244926,108.2430435,-0.001882459,1.42E-13,329.8835613,324.7291306,1.691297555
181.7809396,181.7753106,181.7809396,0.005629032,1.99E-13,227.2261745,223.0947895,3.305107993
405.3179545,405.3158229,405.3179545,0.002131616,1.71E-13,405.3179545,401.0060614,4.311893133
775.7916852,775.7786541,775.7916852,0.013031078,2.27E-13,230.9941534,226.6357732,14.63757897
289.1296809,289.1443609,289.1296809,-0.014679994,3.98E-13,73.55053287,71.0143076,9.969988998
674.1328476,674.1245438,674.1328476,0.008303787,3.41E-13,117.7701963,113.709155,23.24596026
479.1199534,479.131396,479.1199534,-0.011442621,2.27E-13,246.1232637,242.8416202,6.388266045
676.4404324,676.4352758,676.4404324,0.005156642,2.27E-13,308.9913086,304.8157504,9.141086924
54.44953819,54.4420954,54.44953819,0.007442783,1.78E-13,302.8755562,299.47246,0.611792564
267.740417,267.7414089,267.740417,-0.000991896,3.41E-13,89.24680567,86.16932961,9.232428172
445.4842486,445.4882938,445.4842486,-0.00404519,3.41E-13,137.0720765,133.6452746,11.13710622
210.2567597,210.2555214,210.2567597,0.001238237,1.42E-13,369.1174225,364.4450501,2.661477971
603.8458025,603.8568815,603.8458025,-0.011078986,1.14E-13,348.099345,344.5473108,6.161691862
464.9915827,464.9925925,464.9915827,-0.001009821,1.71E-13,374.3576302,370.4170235,4.894648239
514.9363492,514.9464392,514.9363492,-0.010090056,1.14E-13,269.4037853,265.9936108,6.518181635
450.5387531,450.536729,450.5387531,0.002024154,2.84E-13,141.4915092,137.7680485,11.85628298
741.3443926,741.3393295,741.3443926,0.005063128,2.27E-13,349.6112761,345.399092,8.931860152
631.631297,631.6220356,631.631297,0.009261448,2.27E-13,253.5118811,249.2150696,10.7056152
71.21364105,71.20965761,71.21364105,0.003983441,2.27E-13,226.9934809,222.5426283,1.396345903
144.6013825,144.6008204,144.6013825,0.000562131,1.99E-13,319.1202925,314.1340379,2.259396602
505.9219688,505.9161295,505.9219688,0.005839347,2.84E-13,117.6562718,113.7343961,16.86406563
726.3339146,726.3302231,726.3339146,0.003691573,2.27E-13,242.1113049,238.0761165,12.10556524
283.4132788,283.4125139,283.4132788,0.0007649,1.71E-13,269.0632393,265.4757295,3.778843717
148.1864882,148.1777244,148.1864882,0.008763796,2.56E-13,119.5052324,114.7250231,5.927459528
158.5920931,158.5902964,158.5920931,0.001796672,2.84E-13,119.5940374,116.994167,3.447654197
57.89462608,57.88672456,57.89462608,0.007901516,2.20E-13,185.2628035,181.4031617,1.206138043
142.5577269,142.5518146,142.5577269,0.005912313,1.99E-13,213.8365904,209.6437161,2.795249548
359.1281131,359.1310668,359.1281131,-0.002953729,2.27E-13,232.5782066,229.1579388,5.281295781
407.5520588,407.559354,407.5520588,-0.007295253,1.71E-13,299.7696961,296.4014973,4.579236615
487.3991192,487.4101592,487.3991192,-0.011040007,2.84E-13,280.4214111,277.0830609,5.802370467
89.61312852,89.62512795,89.61312852,-0.01199943,1.56E-13,344.6658789,337.7725614,1.79226257
510.6580782,510.6701539,510.6580782,-0.012075629,1.14E-13,334.8023162,331.4204746,5.158162406
171.6271186,171.6182322,171.6271186,0.008886399,2.84E-13,76.68445723,73.03281641,8.172719932
520.5653406,520.5618535,520.5653406,0.003487164,2.27E-13,209.0148716,205.0711948,9.821987559
458.0963268,458.0894888,458.0963268,0.006838017,1.71E-13,254.4979593,250.2563267,7.63493878
530.1491564,530.1436433,530.1491564,0.005513082,4.55E-13,125.6649852,121.7379544,16.56716114
200.2582591,200.2539919,200.2582591,0.004267203,1.71E-13,268.7676636,263.4977094,3.926632532
128.0167602,128.0153269,128.0167602,0.001433285,1.99E-13,148.2299329,141.4922086,5.818943645
836.1164186,836.0902331,836.1164186,0.026185465,1.14E-13,97.5469155,92.90182428,39.81506755
471.0890519,471.0813973,471.0890519,0.007654562,1.71E-13,233.4225032,229.1784577,8.565255489
50.64017558,50.63368187,50.64017558,0.00649371,2.56E-13,177.2406145,173.0205999,1.205718466
263.1611767,263.1644818,263.1611767,-0.003305134,2.27E-13,266.2571905,263.1611767,3.060013683
524.1655595,524.1567914,524.1655595,0.008768129,2.27E-13,202.9027972,198.6756556,10.92011582
330.2265438,330.236573,330.2265438,-0.010029146,2.27E-13,241.7730053,238.824554,4.027152973
212.7407519,212.7401453,212.7407519,0.000606657,2.56E-13,191.4666767,188.4275231,3.376837332
48.92895254,48.91994245,48.92895254,0.009010083,2.27E-13,165.6056855,161.8419199,1.112021649
734.395119,734.3784463,734.395119,0.016672673,2.27E-13,173.5843009,169.1334213,18.83064408
281.3395023,281.3329111,281.3395023,0.00659121,3.41E-13,85.14221781,81.44038226,12.23215228
476.2898578,476.2956666,476.2898578,-0.005808833,3.41E-13,104.7162099,101.3382676,15.36418896
490.3421583,490.327081,490.3421583,0.015077364,2.27E-13,209.4665531,204.7059496,11.14413996
363.4447759,363.4437555,363.4447759,0.00102039,2.84E-13,79.61171282,76.150334,15.80194678
49.83993576,49.82670066,49.83993576,0.013235094,2.34E-13,174.4397751,171.6708898,0.791110091
516.829559,516.8522081,516.829559,-0.022649081,3.41E-13,73.41328964,70.47675805,20.67318236
262.6864664,262.6950371,262.6864664,-0.008570754,3.98E-13,71.64176356,68.98836491,9.729128384
423.5098574,423.5059528,423.5098574,0.003904554,2.27E-13,225.6080549,221.6500188,7.429997498
373.9756358,373.9705037,373.9756358,0.005132023,5.68E-14,419.459159,414.4054342,4.505730551
184.2429447,184.2399961,184.2429447,0.002948551,1.71E-13,307.0715745,303.2331798,2.303036808
319.1109829,319.1031343,319.1109829,0.007848607,2.27E-13,218.5691664,214.1977831,6.382219659
549.2008068,549.2190122,549.2008068,-0.018205414,2.27E-13,268.2143475,265.0213196,6.538104843
427.8571629,427.851632,427.8571629,0.005530967,5.68E-14,442.6108582,437.6929598,4.753968477
164.3163905,164.3076144,164.3163905,0.008776152,2.56E-13,106.9967194,103.175408,5.868442518
638.1340202,638.1317135,638.1340202,0.002306669,1.14E-13,407.2302629,403.0320127,6.578701239
131.4435872,131.4398569,131.4435872,0.003730288,1.99E-13,333.6644905,330.2941421,1.327713002
55.6373708,55.62476016,55.6373708,0.012610641,1.71E-13,254.3422665,251.6928679,0.579555946
467.9274949,467.9233434,467.9274949,0.004151503,5.68E-14,384.8375659,380.4644117,5.317357896
120.2471929,120.2435148,120.2471929,0.003678105,1.85E-13,245.1192779,240.4943858,2.268814961
374.6551828,374.6492963,374.6551828,0.00588654,2.84E-13,107.0443379,103.2213259,13.38054224
269.4441402,269.4392175,269.4441402,0.004922645,2.27E-13,237.2717055,233.2501512,4.566849833
685.6696936,685.6665262,685.6696936,0.003167398,2.27E-13,198.1704317,194.207023,13.71339387
528.0024896,528.0117683,528.0024896,-0.009278636,2.27E-13,311.2067654,307.7100602,5.932612243
812.0729939,812.0584974,812.0729939,0.014496479,2.27E-13,382.9662414,378.3521903,9.784011974
118.9730584,118.9697598,118.9730584,0.003298541,1.56E-13,299.4839056,295.3813863,1.629767923
406.5899108,406.6056428,406.5899108,-0.015732032,2.84E-13,223.9190813,220.9727776,5.349867247
134.7758295,134.7700585,134.7758295,0.005771009,2.84E-13,160.5839671,157.7163962,2.406711241
343.79852,343.7905006,343.79852,0.008019351,2.84E-13,165.6860337,161.5438829,8.594963
460.2837625,460.2816652,460.2837625,0.002097233,2.84E-13,99.4212927,95.7390226,17.04754676
306.3904612,306.3853739,306.3904612,0.005087347,2.84E-13,118.1264429,114.4349915,9.574701913
251.4211394,251.4135641,251.4211394,0.007575356,1.71E-13,236.6316606,231.7018344,5.237940404
614.6367132,614.6278514,614.6367132,0.008861744,2.27E-13,311.7086188,307.3183566,8.656855115
231.1651668,231.1653359,231.1651668,-0.000169091,2.84E-13,161.2072874,158.1656404,4.361606921
117.7636645,117.7907309,117.7636645,-0.027066399,4.26E-14,640.3399259,632.9796969,1.353605339
253.4912438,253.4867556,253.4912438,0.004488173,2.56E-13,126.7456219,123.2249102,7.041423439
404.5983992,404.5968382,404.5983992,0.001561017,2.27E-13,142.1561943,138.5111637,10.37431793
135.1772701,135.1982638,135.1772701,-0.020993706,5.68E-14,615.0565791,608.2977156,1.485464507
360.8585507,360.8725154,360.8585507,-0.013964628,3.41E-13,87.39543026,84.57622283,11.64059841
231.3263185,231.3257328,231.3263185,0.000585654,1.42E-13,339.7605303,336.1460565,2.460918282
286.4092944,286.4096692,286.4092944,-0.00037484,1.71E-13,293.4811288,289.9452116,3.45071439
508.7118175,508.6945022,508.7118175,0.017315247,1.71E-13,161.6467457,156.8924297,14.96211228
721.7212691,721.6988947,721.7212691,0.022374434,1.14E-13,149.9680559,145.2815542,22.55378966
552.2693747,552.2890151,552.2693747,-0.019640361,3.41E-13,67.49959025,64.43142705,25.1031534
510.6268914,510.6422333,510.6268914,-0.015341858,3.41E-13,154.4488746,151.2968567,10.42095697
415.9794524,416.0098422,415.9794524,-0.030389773,2.84E-13,154.7240646,152.1876046,6.819335286
660.059708,660.0437369,660.059708,0.015971132,2.27E-13,91.19245966,86.84996158,31.43141467
644.0445755,644.0366528,644.0445755,0.007922795,2.27E-13,164.0877899,159.9855952,16.10111439
710.8843138,710.8731972,710.8843138,0.011116576,3.41E-13,90.92706339,86.79401505,32.31292335
478.2001536,478.2015943,478.2001536,-0.001440614,3.41E-13,121.3343673,117.7657095,14.0647104
744.4180992,744.4037513,744.4180992,0.014347864,2.27E-13,249.6252309,245.1676375,13.29318034
478.7697584,478.7667051,478.7697584,0.003053312,1.14E-13,401.1314192,396.8181782,5.148061919
104.0560727,104.0603383,104.0560727,-0.004265615,2.13E-13,247.1331727,240.6296682,2.738317703
486.1839276,486.2021392,486.1839276,-0.018211539,2.84E-13,232.3898019,229.3320413,6.397156943
657.0936874,657.0797166,657.0936874,0.013970857,2.27E-13,208.671644,204.2318218,13.98071675
96.30074138,96.29217906,96.30074138,0.00856232,2.56E-13,162.1907223,159.6564923,1.504699084
609.9082747,609.8998858,609.9082747,0.00838889,2.27E-13,237.1865513,232.9510771,10.89121919
502.1012063,502.1123888,502.1012063,-0.011182415,3.41E-13,143.4574875,140.1970901,11.41139105
465.7190585,465.7520592,465.7190585,-0.033000671,4.55E-13,88.46060329,85.85882084,13.69761937
308.4359179,308.4533227,308.4359179,-0.017404837,3.98E-13,113.7673468,111.2391835,6.854131508
806.0212702,805.9965769,806.0212702,0.024693319,2.27E-13,145.2712754,140.5851053,26.00068614
576.967572,576.9778939,576.967572,-0.010321947,2.27E-13,336.2694438,332.7297654,6.073342863
284.2944207,284.2918989,284.2944207,0.002521845,1.14E-13,347.9424253,343.699225,3.46700513
478.3662772,478.3599468,478.3662772,0.006330375,5.68E-14,468.503055,463.5714439,5.035434497
119.4824,119.4741681,119.4824,0.008231848,3.69E-13,78.68353169,75.76932681,4.425274073
532.5097779,532.5205256,532.5097779,-0.010747652,1.14E-13,325.0384359,321.5805802,5.664997638
291.9008795,291.895549,291.9008795,0.005330511,1.14E-13,296.3916623,291.9008795,4.422740599
707.8553932,707.8330788,707.8553932,0.022314338,2.27E-13,191.3122684,186.5294617,17.69638483
435.7154538,435.7213799,435.7154538,-0.005926103,2.84E-13,189.1477939,185.7701547,7.780633104
504.0841142,504.0956557,504.0841142,-0.011541412,2.84E-13,176.7567673,173.4834939,9.334891005
497.3770093,497.3673217,497.3770093,0.009687602,2.84E-13,197.2357106,192.9479777,10.81254368
460.8002859,460.8134464,460.8002859,-0.013160574,2.27E-13,205.1508122,201.9946459,7.089235167
272.4960776,272.4976012,272.4960776,-0.001523684,1.71E-13,331.134474,327.6851566,2.838500808
246.9535423,246.9607131,246.9535423,-0.00717077,3.13E-13,124.8044784,122.1490639,5.254330688
482.7422075,482.7542007,482.7422075,-0.011993154,3.41E-13,63.10355654,59.94837871,24.13711038
205.4957596,205.4946994,205.4957596,0.001060197,1.99E-13,321.9433567,318.5184274,2.186125102
531.6062153,531.6067105,531.6062153,-0.000495179,2.27E-13,194.6726986,190.9289928,10.22319645
550.9983737,551.0066274,550.9983737,-0.00825375,2.27E-13,249.1776085,245.6680647,7.760540474
396.9586998,396.9654198,396.9586998,-0.006720013,3.41E-13,148.4560991,145.2287926,8.629536952
318.2115758,318.2254003,318.2115758,-0.013824463,3.41E-13,142.9255383,140.22883,6.003991996
427.0550612,427.0677936,427.0550612,-0.012732382,3.41E-13,78.74774178,75.71898248,16.42519466
448.3128535,448.343907,448.3128535,-0.031053541,2.84E-13,262.1712593,259.5495468,4.483128535
455.4083399,455.4354967,455.4083399,-0.027156838,2.84E-13,201.7977075,199.0707114,6.154166755
179.1708197,179.168608,179.1708197,0.002211745,1.99E-13,287.7591953,282.3297765,3.380581504
104.1858826,104.1801663,104.1858826,0.005716346,1.85E-13,269.4462482,265.8536316,1.389145102
91.67748869,91.6883974,91.67748869,-0.010908712,1.99E-13,310.2930386,303.2409241,2.083579288
264.0857364,264.0841011,264.0857364,0.001635313,1.71E-13,278.7571662,275.0893087,3.474812321
424.6569323,424.6573056,424.6569323,-0.000373377,1.71E-13,342.8422939,338.9463588,4.825646958
218.9504185,218.9459992,218.9504185,0.004419326,2.27E-13,193.8249607,190.2356096,4.05463738
248.1703336,248.1693773,248.1703336,0.000956369,2.56E-13,157.926576,154.7035846,5.064700687
422.4367392,422.4303465,422.4367392,0.006392712,2.84E-13,96.88916037,93.01359396,16.89746957
280.5240757,280.5235289,280.5240757,0.000546776,3.41E-13,117.4286828,114.166775,7.792335436
565.9834811,565.9674147,565.9834811,0.016066366,2.27E-13,194.8467722,190.2075633,13.47579717
828.2131346,828.1895535,828.2131346,0.023581108,2.27E-13,133.4343383,128.8331543,28.55907361
132.8468058,132.8414686,132.8468058,0.005337287,2.84E-13,140.9802838,138.2691244,2.554746266
86.17345484,86.16642873,86.17345484,0.00702611,2.56E-13,159.4208915,155.1122187,2.329012293
545.3868063,545.3931538,545.3868063,-0.006347541,1.14E-13,333.0885864,329.4282723,5.993261608
531.0619846,531.0548096,531.0619846,0.007175075,3.41E-13,115.7954703,111.8025231,18.31248223
108.6023565,108.6057003,108.6023565,-0.003343862,1.42E-13,336.667305,331.2371872,1.751650911
462.6630441,462.6551106,462.6630441,0.007933534,1.14E-13,309.9393208,305.4474466,6.705261509
254.9510771,254.9499069,254.9510771,0.00117022,3.13E-13,101.9804308,98.79354238,7.96722116
271.012665,271.0096949,271.012665,0.002970022,1.14E-13,330.2966854,326.0621125,3.474521346
424.4884285,424.5202287,424.4884285,-0.031800189,3.98E-13,133.9159923,131.3892755,8.009215631
151.7772865,151.7720468,151.7772865,0.005239666,1.99E-13,239.6483471,235.654208,2.529621442
383.0749064,383.0725353,383.0749064,0.00237108,0,447.6899509,443.0745905,3.949225839
97.78450586,97.82975785,97.78450586,-0.045251989,1.42E-14,773.3865464,764.4970458,1.123959837
119.5940733,119.5892247,119.5940733,0.004848522,1.85E-13,276.5612944,272.8239796,1.616136125
126.5727707,126.5870534,126.5727707,-0.014282692,7.11E-14,542.4547315,536.4274567,1.406364119
829.5343799,829.5067157,829.5343799,0.027664226,3.41E-13,98.97853396,94.26527044,39.50163714
418.8153495,418.8138634,418.8153495,0.001486101,1.71E-13,271.4543932,267.5764733,5.983076422
233.2131028,233.206544,233.2131028,0.006558792,3.13E-13,139.1755613,135.4140597,6.303056831
701.1414725,701.1224391,701.1414725,0.019033365,2.27E-13,135.7048011,131.1813078,23.37138242
388.7296675,388.7341587,388.7296675,-0.004491191,2.27E-13,216.3365106,212.9562526,6.073901054
528.6080729,528.6308567,528.6080729,-0.0227838,4.55E-13,118.788331,115.8186227,13.21520182
382.0384386,382.0286332,382.0384386,0.00980541,1.71E-13,116.2725683,112.1199766,13.64422995
587.3312643,587.3399769,587.3312643,-0.008712653,2.27E-13,304.4094967,300.8282085,6.90977958
167.7398193,167.7373169,167.7398193,0.002502443,1.42E-13,328.341774,324.7728417,1.823258906
304.8360145,304.8377422,304.8360145,-0.001727671,1.71E-13,329.6482482,326.1036434,3.277806607
354.154098,354.1653281,354.154098,-0.011230164,3.41E-13,104.5044879,101.6015855,9.837613832
250.4603273,250.4623869,250.4603273,-0.002059636,5.68E-14,480.4749136,475.3634784,2.664471567
495.2197782,495.2396896,495.2197782,-0.019911408,3.98E-13,80.06547312,77.10008523,18.34147327
301.5483736,301.5460514,301.5483736,0.002322252,1.14E-13,381.370002,376.935467,3.506376438
433.0345436,433.0220497,433.0345436,0.012493887,2.84E-13,94.32435602,90.0368853,19.68338834
671.4712089,671.4625465,671.4712089,0.008662395,0,433.9439786,429.3761472,7.068117989
49.71329086,49.70372579,49.71329086,0.009565071,1.42E-13,307.6009872,304.4939065,0.502154453
408.12977,408.1328083,408.12977,-0.003038261,4.55E-13,73.59717164,70.25184566,18.55135318
329.4837131,329.4935756,329.4837131,-0.009862505,2.27E-13,299.5306483,296.5353418,3.294837131
383.3178042,383.3082611,383.3178042,0.009543091,5.68E-14,299.7741802,294.8598494,6.28389843
313.068157,313.0742302,313.068157,-0.006073233,3.98E-13,98.39284933,95.41124784,9.486913848
706.6896359,706.6801386,706.6896359,0.009497296,2.27E-13,162.1229165,157.9659186,18.12024707
142.6153122,142.611463,142.6153122,0.003849171,1.99E-13,202.9525597,197.4673554,3.854467897
708.8224028,708.8142315,708.8224028,0.00817134,0,426.1906852,421.7044675,7.461288451
593.065918,593.0713547,593.065918,-0.005436613,3.41E-13,98.84431967,95.3141654,21.18092564
604.3834015,604.3745839,604.3834015,0.008817562,1.14E-13,286.9734137,282.6253316,9.157324265
100.2582627,100.2521543,100.2582627,0.00610844,2.56E-13,231.3652216,227.5091346,1.670971045
685.7612505,685.7543034,685.7612505,0.006947106,1.14E-13,415.8810164,411.4567503,7.295332452
446.4130123,446.4243691,446.4130123,-0.011356819,2.27E-13,200.8858555,197.6971912,7.08592083
291.1079368,291.1015104,291.1079368,0.006426445,2.84E-13,147.494688,143.6132488,7.66073518
193.6423939,193.6352031,193.6423939,0.007190761,2.56E-13,188.2634385,182.8844831,5.532639825
304.52613,304.5370799,304.52613,-0.01094991,2.27E-13,231.8868696,229.0930519,3.668989518
386.8349333,386.8269413,386.8349333,0.007992025,1.71E-13,282.1619513,277.6109521,6.239273118
230.8325858,230.841091,230.8325858,-0.008505166,2.84E-13,220.7963864,218.2873366,2.623097566
333.9106727,333.910659,333.9106727,1.37E-05,2.27E-13,244.1497392,240.5593018,4.910451069
353.8098039,353.811936,353.8098039,-0.00213217,1.71E-13,300.2022578,296.6284214,4.212021475
293.1981343,293.1933552,293.1981343,0.004779098,2.27E-13,148.4547515,144.7433827,7.329953356
447.0830688,447.098247,447.0830688,-0.015178118,2.84E-13,288.7411486,285.6364051,4.807344826
584.888885,584.8889831,584.888885,-9.82E-05,1.14E-13,217.8997807,214.0769775,10.26120851
488.1872512,488.1993445,488.1872512,-0.012093333,2.27E-13,218.0569722,214.8023905,7.286376883
246.7577555,246.7580374,246.7577555,-0.000281872,2.27E-13,217.9159399,214.7112938,3.628790522
312.1731588,312.1789693,312.1731588,-0.005810488,2.84E-13,114.0632696,111.0616046,8.215083128
576.2811193,576.293308,576.2811193,-0.012188626,3.41E-13,164.1731096,160.822638,11.76083917
381.3912054,381.3929448,381.3912054,-0.001739358,1.71E-13,373.7633813,369.9494692,3.891746994
543.7702542,543.7680068,543.7702542,0.002247427,2.27E-13,181.2567514,177.4002248,11.56957988
472.5224038,472.5259359,472.5224038,-0.003532132,2.84E-13,93.1248533,89.67578466,17.50082977
286.0589701,286.060299,286.0589701,-0.001328888,2.27E-13,191.7895368,188.5388667,4.848457121
88.95619552,88.94823969,88.95619552,0.007955834,1.99E-13,199.261878,195.7036302,1.588503491
646.9811779,646.9622993,646.9811779,0.018878555,2.27E-13,239.6226585,234.8302053,12.93962356
292.9246564,292.9244502,292.9246564,0.000206172,1.71E-13,358.4472769,354.5930051,3.149727488
395.7698468,395.764481,395.7698468,0.005365782,2.27E-13,182.0541295,178.0964311,8.603692322
279.6798101,279.6806069,279.6798101,-0.000796784,2.84E-13,182.1170856,178.8649948,4.994282323
192.5029774,192.4949305,192.5029774,0.008046924,2.84E-13,154.8393514,150.6545041,5.202783174
351.7702933,351.7701585,351.7702933,0.000134782,1.71E-13,325.0051623,321.1815721,4.138474039
555.4019371,555.3837345,555.4019371,0.018202632,1.14E-13,124.9654358,120.3370864,20.57044211
395.378157,395.3843722,395.378157,-0.006215172,3.41E-13,142.5954009,139.3545963,8.985867205
261.5103068,261.5074459,261.5103068,0.002860909,1.71E-13,297.1708032,293.2085258,3.48680409
397.5648404,397.5579678,397.5648404,0.006872673,2.84E-13,81.05690922,77.1970564,18.93165907
735.2764383,735.2532847,735.2764383,0.023153682,2.27E-13,201.8405909,197.0348626,17.50658187
289.4570095,289.4591921,289.4570095,-0.002182583,3.41E-13,76.98324722,73.90391733,11.57828038
97.67500136,97.66669211,97.67500136,0.008309255,2.42E-13,204.5070341,201.4546903,1.457835841
197.4639216,197.4553053,197.4639216,0.008616265,3.41E-13,114.5290745,110.5797961,6.809100745
762.8822843,762.8725128,762.8822843,0.009771562,0,456.8157391,452.2475817,7.628822843
512.4493927,512.4517199,512.4493927,-0.002327192,3.41E-13,132.5918009,129.0082387,13.84998359
484.4661864,484.449525,484.4661864,0.016661438,2.27E-13,145.8102114,141.1066562,15.6279415
353.0184088,353.0110903,353.0184088,0.007318498,2.84E-13,205.9274051,201.724805,7.204457322
539.7316715,539.7312096,539.7316715,0.000461915,3.41E-13,157.4217375,153.6736009,12.85075408
114.1636548,114.1581294,114.1636548,0.005525461,2.13E-13,240.1373429,236.2006651,1.871535325
521.408046,521.4250938,521.408046,-0.017047726,3.41E-13,74.04611305,70.96085834,21.72533525
450.3878805,450.3853169,450.3878805,0.00256357,4.55E-13,73.23380171,69.57211162,22.51939403
82.69156896,82.70250467,82.69156896,-0.010935705,2.42E-13,181.9214517,173.6522948,3.75870768
34.57409278,34.55932457,34.57409278,0.014768208,1.78E-13,260.6354687,257.9759231,0.352796865
535.1718879,535.1727582,535.1718879,-0.000870297,3.41E-13,109.2187526,105.5781275,17.83906293
333.4011668,333.4082035,333.4011668,-0.007036697,2.84E-13,96.1156517,93.11203759,10.41878646
179.8388199,179.8289552,179.8388199,0.00986466,2.56E-13,113.0415439,107.9032919,8.174491813
241.9912178,241.9875116,241.9912178,0.003706274,2.27E-13,230.8223924,227.0994506,3.903084159
369.3803924,369.3748798,369.3803924,0.005512574,2.84E-13,204.7652175,200.7502133,7.242752792
704.3001292,704.3007959,704.3001292,-0.00066672,1.14E-13,338.2232259,334.2441291,8.285883873
466.9720738,466.9628417,466.9720738,0.009232151,2.84E-13,114.6948953,110.5986491,16.67757407
41.12164472,41.11419112,41.12164472,0.007453603,1.99E-13,318.6927466,315.2659428,0.442168223
404.0297998,404.037393,404.0297998,-0.007593193,3.98E-13,114.5281322,111.3467952,11.22304999
423.754418,423.7700022,423.754418,-0.015584211,2.27E-13,240.4280386,237.4226881,5.296930225
165.7246625,165.7192715,165.7246625,0.00539092,1.99E-13,220.9662166,217.2834463,2.762077708
578.8213878,578.8254584,578.8213878,-0.004070661,1.14E-13,371.8256597,367.9924055,5.967230802
707.4493979,707.4364754,707.4493979,0.01292254,1.14E-13,232.8870689,228.4929732,13.34810185
542.809573,542.8038955,542.809573,0.005677526,2.27E-13,340.3329863,336.0249738,6.871007253
513.9900767,513.9892761,513.9900767,0.000800548,3.41E-13,165.0771049,161.3253525,11.68159265
298.35562,298.3440414,298.35562,0.011578617,3.41E-13,163.6143723,158.8021848,8.775165294
183.2701657,183.2645266,183.2701657,0.005639112,1.99E-13,209.9970648,206.1789364,3.33218483
468.3069202,468.3270417,468.3069202,-0.020121517,3.41E-13,143.4189943,140.492076,9.557284085
220.4983368,220.4992191,220.4983368,-0.000882248,2.27E-13,214.5389223,211.5592151,3.062476901
265.9466151,265.9440182,265.9466151,0.002596929,1.71E-13,273.5450898,269.7458525,3.693702988
311.4894374,311.5022203,311.4894374,-0.012782854,2.27E-13,272.8978257,270.141282,3.146357954
647.8477765,647.8330678,647.8477765,0.014708735,2.27E-13,90.09803515,85.80765252,30.84989412
383.914142,383.9139481,383.914142,0.000193829,2.27E-13,179.3991318,175.8111491,7.678282839
557.9161858,557.9013479,557.9161858,0.01483781,1.14E-13,295.9381507,291.0867056,9.14616698
228.7960084,228.7920224,228.7960084,0.003985999,3.41E-13,78.44434574,75.17583133,9.533167017
237.7686221,237.759134,237.7686221,0.009488132,2.56E-13,134.0150416,129.6919757,7.669955552
297.0874039,297.1030126,297.0874039,-0.015608705,3.41E-13,88.8723003,86.33309172,8.488211539
794.3231511,794.3112044,794.3231511,0.011946674,1.14E-13,328.3794033,323.9418437,10.73409664
563.8497972,563.8469291,563.8497972,0.002868076,1.14E-13,398.510383,394.2709108,5.998402097
339.2870735,339.2933431,339.2870735,-0.006269631,3.41E-13,135.7148294,132.6304015,7.711069852
248.9476554,248.9466489,248.9476554,0.001006421,1.71E-13,303.0667109,299.4587739,2.963662564
279.2686999,279.2558952,279.2686999,0.012804717,2.84E-13,137.0955436,132.0179309,10.34328518
145.0422383,145.045341,145.0422383,-0.003102648,1.99E-13,342.2996825,336.4979929,2.458343023
241.8259565,241.827049,241.8259565,-0.001092528,5.68E-14,440.6606318,435.2867216,2.94909703
430.6098548,430.5959478,430.6098548,0.013906992,2.84E-13,106.5426445,102.1033676,17.94207728
219.9937068,219.9978079,219.9937068,-0.004101109,2.84E-13,228.1416219,225.4256502,2.6189727
366.7282586,366.7276624,366.7282586,0.000596193,2.84E-13,186.9595044,183.3641293,7.052466512
356.8814026,356.8851727,356.8814026,-0.003770106,3.41E-13,123.2863027,120.0419263,9.391615859
441.4714773,441.4775578,441.4714773,-0.006080544,3.41E-13,85.65864485,82.36408158,16.9796722
230.1431448,230.1389564,230.1431448,0.004188348,1.71E-13,305.1898224,300.1867106,3.772838439
158.89198,158.8913237,158.89198,0.000656295,1.14E-13,373.610872,369.3164941,1.826344598
766.9193242,766.9115835,766.9193242,0.00774068,1.14E-13,434.4398484,430.0067887,7.82570739
466.7229822,466.7430921,466.7229822,-0.020109839,3.98E-13,69.57361226,66.67471175,19.44679093
233.5066238,233.5112364,233.5066238,-0.004612562,3.41E-13,119.4685052,116.7533119,5.306968724
104.1037338,104.0967955,104.1037338,0.006938329,1.99E-13,238.4311322,235.0729472,1.466249772
38.33576819,38.32048686,38.33576819,0.015281329,1.85E-13,232.570327,230.0146092,0.421272178
761.0167601,761.0023074,761.0167601,0.014452705,2.27E-13,137.584951,133.2854213,23.78177375
284.8625063,284.8629645,284.8625063,-0.000458234,2.27E-13,274.4407073,270.9667743,3.60585451
216.0601959,216.057027,216.0601959,0.003168866,1.14E-13,315.4478859,311.126682,2.95972871
39.3737012,39.36231834,39.3737012,0.011382857,2.77E-13,114.5416762,110.9622488,1.230428162
471.7821019,471.780319,471.7821019,0.001782904,3.41E-13,80.45896312,76.80173752,21.444641
508.6730025,508.6858933,508.6730025,-0.01289087,3.41E-13,111.9720446,108.7728433,14.53351436
95.11851082,95.10863426,95.11851082,0.009876556,3.27E-13,95.11851082,91.15523953,3.963271284
735.1444901,735.1342095,735.1444901,0.01028053,1.14E-13,291.4478156,287.0978482,10.97230582
456.603073,456.5997555,456.603073,0.003317532,0,456.603073,452.0370423,4.56603073
122.2418752,122.2358618,122.2418752,0.006013371,1.85E-13,237.2930518,233.6977025,1.852149624
599.8171406,599.8132229,599.8171406,0.003917761,1.14E-13,414.2621978,409.9469666,6.248095215
438.5186068,438.5332103,438.5186068,-0.014603447,2.84E-13,182.7160862,179.6708181,7.308643447
516.1330392,516.1423695,516.1330392,-0.009330264,1.14E-13,320.8394568,317.3520714,5.610141731
397.4831041,397.4800729,397.4831041,0.003031208,1.14E-13,410.8814109,406.4153087,4.320468523
317.8400261,317.8321435,317.8400261,0.007882627,1.14E-13,261.7506097,257.0764917,5.675714752
330.7836403,330.7923861,330.7836403,-0.008745736,2.27E-13,267.0546821,264.0199698,3.758905004
743.3166378,743.304807,743.3166378,0.011830833,1.14E-13,399.1885648,394.6001904,8.5438694
274.1712773,274.1703336,274.1712773,0.000943741,1.71E-13,319.2405284,315.4847575,3.225544439
462.4075929,462.4073264,462.4075929,0.000266565,1.71E-13,401.026054,396.9339514,4.718444826
533.0802632,533.0812602,533.0802632,-0.000996988,3.41E-13,101.5390978,97.91270141,19.03858083
143.2178422,143.209632,143.2178422,0.008210236,2.84E-13,139.3470897,135.4763372,3.978273394
574.9456425,574.9446425,574.9456425,0.001000042,4.55E-13,74.18653452,70.4772078,28.74728213
215.7417616,215.7443825,215.7417616,-0.002620906,2.56E-13,266.8384947,263.9997873,2.295125124
129.7685299,129.788221,129.7685299,-0.019691076,5.68E-14,609.9120908,603.4236643,1.380516276
321.0007658,321.0140589,321.0007658,-0.013293158,2.27E-13,192.0517402,189.3081439,4.585725225
172.592775,172.5991248,172.592775,-0.006349762,8.53E-14,485.4171798,480.0236556,1.9176975
455.2097852,455.1951019,455.2097852,0.014683234,1.14E-13,201.2506419,196.4589599,10.83832822
199.8397441,199.8328078,199.8397441,0.006936277,2.56E-13,175.8589748,171.8621799,4.541812366
281.0970651,281.1076421,281.0970651,-0.01057698,3.41E-13,160.6268943,157.9497794,4.684951085
413.5480019,413.5620698,413.5480019,-0.014067958,3.98E-13,76.80177177,73.84785747,15.90569238
134.0943259,134.0896121,134.0943259,0.004713739,1.99E-13,278.7750458,275.2462478,1.69739653
378.5039616,378.4928806,378.5039616,0.011081016,2.27E-13,110.574191,106.3213375,14.55784468
162.0535855,162.056374,162.0535855,-0.002788442,1.42E-13,358.8329394,353.0453113,2.613767509
513.1161278,513.1333314,513.1161278,-0.017203579,3.41E-13,129.8245625,126.7335014,12.21705066
308.6385555,308.6419282,308.6385555,-0.003372724,2.27E-13,181.3649244,178.1830836,5.4147115
239.0885465,239.082585,239.0885465,0.005961533,3.13E-13,119.5442733,115.9217195,7.24510747
562.1650161,562.1761901,562.1650161,-0.011174012,4.55E-13,72.75076679,69.44391375,25.55295528
467.0198949,467.0228981,467.0198949,-0.003003218,2.27E-13,242.5607206,238.9404113,6.970446192
327.4333417,327.4267593,327.4333417,0.006582392,2.27E-13,278.0940711,273.6086828,5.281182931
332.0936161,332.0982865,332.0936161,-0.004670398,1.71E-13,318.6756922,315.3212113,3.495722275
457.0853189,457.0791568,457.0853189,0.006162031,1.71E-13,255.8000408,251.6065975,7.493201948
552.8162271,552.8370488,552.8162271,-0.020821723,3.41E-13,147.4176606,144.3464593,11.51700473
281.0521289,281.0562488,281.0521289,-0.004119881,1.14E-13,293.6836852,290.5257961,3.022065902
288.345153,288.3511569,288.345153,-0.006003848,2.84E-13,173.5955513,170.6532538,4.887205984
666.824206,666.8124523,666.824206,0.011753726,0,459.0456491,454.2135896,7.019202169
436.0192373,436.0165555,436.0192373,0.002681754,1.71E-13,284.0125307,280.0123542,6.141116018
248.2203068,248.2075824,248.2203068,0.012724329,2.84E-13,97.34129677,92.47423193,12.41101534
493.233884,493.2525663,493.233884,-0.01868239,3.98E-13,68.75381413,65.76451786,21.44495148
291.5110821,291.5090823,291.5110821,0.001999762,2.27E-13,315.1471158,311.2077768,3.643888526
459.0606515,459.0689055,459.0606515,-0.008254048,2.84E-13,192.9385347,189.6120082,7.914838819
603.9358824,603.9440448,603.9358824,-0.00816239,1.14E-13,253.7245423,250.1509572,8.506139189
502.6040622,502.6297459,502.6040622,-0.025683716,2.27E-13,198.1696017,195.2975785,7.284116844
74.78832689,74.77987606,74.78832689,0.00845083,1.99E-13,277.3400455,274.2238653,0.84031828
126.2308115,126.2304056,126.2308115,0.000405892,1.42E-13,365.6340746,361.281288,1.502747756
319.9423796,319.9465953,319.9423796,-0.00421568,1.14E-13,330.0458232,326.6780086,3.264718159
207.6129192,207.6178074,207.6129192,-0.004888161,2.27E-13,243.4966337,240.9335112,2.18539915
304.7441779,304.7500446,304.7441779,-0.005866672,2.84E-13,243.1796975,240.1014735,3.857521239
481.7658793,481.7960505,481.7658793,-0.030171183,3.41E-13,223.1909723,220.4691312,5.87519365
83.33537482,83.32670346,83.33537482,0.008671352,1.99E-13,258.9349146,255.9586512,0.957877871
513.6451022,513.6390618,513.6451022,0.006040432,1.14E-13,367.5219266,363.0939516,6.188495207
561.3748775,561.3930455,561.3748775,-0.018167923,3.41E-13,148.228198,145.0744066,11.94414633
516.5111729,516.5163947,516.5111729,-0.005221889,3.41E-13,117.8616099,114.395092,15.19150508
666.4286806,666.4263835,666.4286806,0.002297099,3.41E-13,99.5812971,95.75124721,25.63187233
573.2085394,573.2025695,573.2085394,0.005969834,1.14E-13,388.0180882,383.6087917,6.513733402
283.7979252,283.7919621,283.7979252,0.005963053,1.14E-13,241.4400259,237.2042359,4.978910968
66.78323719,66.77840616,66.78323719,0.00483103,2.27E-13,200.3497116,195.8974957,1.484071937
289.2390325,289.2541135,289.2390325,-0.015081073,2.27E-13,208.0491286,205.5119441,3.527305274
147.4263866,147.4200003,147.4263866,0.006386301,2.27E-13,189.5482114,186.0380593,2.73011827
552.2304431,552.227692,552.2304431,0.002751115,1.14E-13,403.5530161,399.3050896,5.812952033
632.5601419,632.5583961,632.5601419,0.001745876,2.27E-13,249.0705559,245.117055,10.04063717
494.7452575,494.7587124,494.7452575,-0.013454867,2.84E-13,136.3720902,133.2006462,11.50570366
118.9865334,118.9909444,118.9865334,-0.004411018,2.13E-13,230.9738589,223.974651,3.605652526
91.38952597,91.4047703,91.38952597,-0.015244325,1.71E-13,274.1685779,265.8604392,2.769379575
424.1559867,424.1510049,424.1559867,0.004981767,1.14E-13,379.0330094,374.5207117,5.049476032
157.3648303,157.3576731,157.3648303,0.007157258,2.56E-13,173.1013134,169.1671926,3.576473417
279.0950483,279.0875151,279.0950483,0.007533161,1.71E-13,255.0351303,250.2231467,5.265944307
655.0651055,655.0556777,655.0651055,0.00942779,2.27E-13,347.5855662,343.129341,8.398270584
