Number_of_Riders,Number_of_Drivers,Location_Category,Customer_Loyalty_Status,Number_of_Past_Rides,Time_of_Booking,Vehicle_Type,Expected_Ride_Duration,Rider_Driver_Ratio,Log_Ride_Duration,Square_Cost,Adjusted_Historical_Cost_of_Ride,Log_Ride_Duration,Expected_Ride_Duration,Square_Cost,Vehicle_Type_Premium,Vehicle_Type_Economy,Actual_Adjusted_Cost,Predicted_Adjusted_Cost,Error
61,38,Rural,Silver,100,Evening,Premium,78,1.564102564102564,4.3694478524670215,146932.53903399527,5.951469825466022,-0.0931688268057726,-0.4393085387389785,-0.17700058866620164,True,False,383.3178042225474,382.8222054222228,0.4955988003246148
58,21,Suburban,Gold,72,Afternoon,Economy,10,2.6363636363636362,2.3978952727983707,1287.8041247288547,3.6078317461538068,-3.001000080141881,-1.8230856665067452,-1.1382283843094863,False,True,35.8859878605683,34.36806533965832,1.517922520909977
44,28,Rural,Gold,30,Evening,Premium,42,1.5172413793103448,3.7612001156935624,24682.47487650292,5.063269310185654,-0.990269820712855,-1.171896429910149,-0.9838279673597249,True,False,157.10657171647193,158.87291824571392,-1.7663465292419858
59,23,Urban,Gold,41,Evening,Premium,91,2.4583333333333335,4.5217885770490405,202091.2769716124,6.110459368065954,0.13151760796834475,-0.17476291137161135,0.1870366840252672,True,False,449.5456339145253,449.6810509600911,-0.13541704556581635
65,5,Rural,Silver,24,Night,Economy,119,10.833333333333334,4.787491742782046,90844.32707314352,5.711763629575811,0.5234016375378869,0.3950276706504102,-0.5471722147005368,False,True,301.40392677127414,298.0914352638041,3.3124915074700425
56,37,Suburban,Silver,96,Afternoon,Premium,130,1.4736842105263157,4.875197323201151,170226.24853200285,6.024862663869557,0.6527580800008721,0.6188739707304901,-0.023266496959599887,True,False,412.58483798123615,413.8733560019632,-1.2885180207270537
85,36,Rural,Silver,64,Evening,Economy,152,2.2972972972972974,5.030437921392435,256737.68082242753,6.229876709836478,0.8817215212310704,1.06656657089065,0.54769264832137,False,True,506.6928860981051,505.70270820323935,0.9901778948657238
25,8,Urban,Silver,11,Afternoon,Economy,109,2.7777777777777777,4.700480365792417,178452.7986518862,6.048404126855816,0.3950690716122157,0.19153103421397397,0.031027183085962574,False,True,422.43673923072333,422.64569239949554,-0.20895316877221148
78,31,Urban,Gold,6,Evening,Premium,64,2.4375,4.174387269895637,73447.86456742963,5.605848627556186,-0.38086252777232155,-0.7242038297499893,-0.6619855879184278,True,False,271.0126649576171,269.4499368137385,1.562728143878644
97,25,Urban,Regular,95,Night,Premium,101,3.730769230769231,4.624972813284271,110376.3585697671,5.808831070992506,0.2837034284585318,0.02873372506482493,-0.4182644887080321,True,False,332.22937644008414,331.06033877465995,1.1690376654241845
91,31,Urban,Regular,12,Night,Economy,39,2.84375,3.6888794541139363,26639.000197786914,5.101174007250762,-1.096935137261767,-1.23294542084108,-0.9709152690540174,False,True,163.21458328772871,164.08123715489356,-0.8666538671648425
73,27,Rural,Gold,98,Evening,Economy,57,2.607142857142857,4.060443010546419,63079.16066367348,5.530046556648602,-0.548918242791383,-0.8666514752554947,-0.730417079130894,False,True,251.1556502722434,251.31848024307192,-0.16282997082851125
84,74,Suburban,Regular,7,Afternoon,Premium,101,1.12,4.624972813284271,157109.04539356098,5.9848674191124385,0.2837034284585318,0.02873372506482493,-0.109837565015198,True,False,396.36983411147844,398.25030762986603,-1.8804735183875891
21,9,Suburban,Regular,38,Morning,Economy,179,2.1,5.19295685089021,298529.78202492895,6.305141048823903,1.1214197303104254,1.616007489269028,0.8235126382386686,False,True,546.3787898746887,544.6801341306328,1.6986557440558272
77,30,Urban,Regular,99,Evening,Premium,179,2.4838709677419355,5.19295685089021,475752.7387078266,6.537775525118306,1.1214197303104254,1.616007489269028,1.9931507449358485,True,False,689.7483154802384,688.1653544426641,1.5829610375742504
59,9,Suburban,Silver,30,Afternoon,Economy,140,5.9,4.948759890378168,364049.52145521727,6.404178591858861,0.7612550757791527,0.8223706071669264,1.255930567681386,False,True,603.3651642705413,600.5970851520087,2.768079118532569
52,14,Suburban,Silver,87,Afternoon,Premium,98,3.466666666666667,4.59511985013459,181453.4813367542,6.056722111603429,0.23967346945742696,-0.032315265866105954,0.050831123162461155,True,False,425.97356882411646,423.2425432515312,2.7310255725852812
93,28,Urban,Silver,63,Evening,Economy,38,3.206896551724138,3.6635616461296463,12482.239046103006,4.724941831844059,-1.1342762226996475,-1.2532950844847237,-1.0643472240351504,False,True,111.72394123957048,114.9642405983797,-3.2402993588092244
33,14,Suburban,Regular,87,Evening,Premium,17,2.2,2.8903717578961645,14157.795120566449,4.787379514468438,-2.274649421443671,-1.68063802100124,-1.0532888697943563,True,False,118.98653335805045,120.10035496965956,-1.1138216116091115
32,14,Urban,Gold,75,Night,Economy,177,2.1333333333333333,5.181783550292085,579146.5091079192,6.635968550287696,1.1049402952615217,1.5753081619817406,2.675530139335815,False,True,761.0167600703151,767.4391154269416,-6.422355356626554
73,17,Rural,Regular,14,Evening,Premium,170,4.055555555555555,5.14166355650266,402877.7694410243,6.454768488520703,1.0457675534195838,1.4328605164762354,1.5121896850695935,True,False,634.7265312250813,638.4632139953355,-3.7366827702542196
50,25,Urban,Silver,89,Afternoon,Economy,107,1.9230769230769231,4.68213122712422,147390.06839264126,5.95302030150737,0.36800603538309945,0.1508317069266867,-0.17398098114570082,False,True,383.9141419544756,384.2909952019983,-0.37685324752271754
56,10,Urban,Silver,55,Night,Economy,45,5.090909090909091,3.828641396489095,22846.966297175575,5.024880873275352,-0.8908010740587713,-1.1108474389792182,-0.9959419779807767,False,True,151.15212964816462,152.40183191643172,-1.2497022682671002
93,23,Suburban,Silver,34,Evening,Premium,125,3.875,4.836281906951478,149126.55017207167,5.958861469499841,0.5953619624565956,0.517125652512272,-0.1625205287369236,True,False,386.16906941399617,387.77159352564723,-1.6025241116510642
38,8,Urban,Silver,78,Night,Economy,114,4.222222222222222,4.74493212836325,221152.95465423533,6.155429106547199,0.46063071364109326,0.2932793524321921,0.3128401635094041,False,True,470.26902370264105,470.3195582571338,-0.050534554492742245
100,24,Urban,Silver,88,Night,Economy,56,4.0,4.04305126783455,30160.21559344094,5.16288111786093,-0.5745692213800708,-0.8870011388991383,-0.9476759112093393,False,True,173.66696747925602,172.6974029924456,0.9695644868104125
92,69,Urban,Silver,88,Afternoon,Economy,18,1.3142857142857143,2.9444389791664403,2035.3653638449819,3.8311387907146606,-2.1949059961797253,-1.6602883573575962,-1.1332946210503363,False,True,45.1150237043602,45.03710615206632,0.07791755229387576
42,31,Rural,Silver,0,Afternoon,Premium,76,1.3125,4.343805421853684,108765.05134802817,5.801500265843656,-0.13098869624161416,-0.4800078660262658,-0.4288988126320731,True,False,329.7954689622465,329.13026976716435,0.6651991950821525
49,30,Rural,Silver,57,Evening,Economy,154,1.5806451612903225,5.043425116919247,397985.4585876696,6.44866925421242,0.9008762591951962,1.1072658981779373,1.4799013556624132,False,True,630.8608868741744,629.4309328525596,1.4299540216147761
71,61,Suburban,Regular,79,Afternoon,Economy,147,1.1451612903225807,4.997212273764115,349634.4794074424,6.384011534982865,0.8327172098156472,0.9648182526724318,1.1607940074732879,False,True,591.2989763287625,595.53590039827,-4.236924069507495
32,20,Rural,Silver,44,Night,Economy,68,1.5238095238095237,4.23410650459726,90976.20878643513,5.7124865720212945,-0.29278298128623276,-0.6428051751754148,-0.5463018202531719,False,True,301.6226264497328,298.64632501626477,2.976301433468052
33,6,Rural,Gold,90,Night,Premium,139,4.714285714285714,4.941642422609304,272277.2445760894,6.259202655852831,0.750757564611383,0.8020209435232828,0.65025083981038,True,False,521.8019208244536,521.1601655566152,0.6417552678384482
42,12,Rural,Gold,92,Afternoon,Economy,123,3.230769230769231,4.820281565605037,101950.39099109067,5.76924779459426,0.5717631535224477,0.47642632522498474,-0.47387428639044477,False,True,319.29671309158607,318.2792660814496,1.0174470101364932
86,17,Urban,Regular,99,Morning,Economy,167,4.777777777777778,5.123963979403259,447960.651389111,6.507723324228407,1.019662551711173,1.3718115255453045,1.8097282075791956,False,True,669.2986264658783,668.5487651135384,0.7498613523399627
71,30,Rural,Regular,45,Evening,Premium,53,2.2903225806451615,3.9889840465642745,51611.920117550624,5.430146054198167,-0.6543126466440166,-0.9480501298300692,-0.8060987051033526,True,False,227.1825700126457,225.61865637926843,1.5639136333772683
97,18,Suburban,Regular,53,Night,Premium,26,5.105263157894737,3.295836866004329,15996.465750490765,4.847937017437013,-1.6766313286711327,-1.4974910482084471,-1.0411539902354265,True,False,126.47713528733475,126.86338603890137,-0.3862507515666209
94,50,Suburban,Regular,88,Night,Premium,49,1.8431372549019607,3.912023005428146,62730.37555355396,5.527285232781356,-0.7678220315890185,-1.0294487844046438,-0.7327189951099526,True,False,250.46032730465305,251.20439079219943,-0.7440634875463843
53,33,Rural,Regular,40,Morning,Premium,139,1.5588235294117647,4.941642422609304,258013.7862903419,6.232350908992964,0.750757564611383,0.8020209435232828,0.5561147038573688,True,False,507.9505746530287,509.79328663484836,-1.8427119818196616
37,22,Rural,Regular,76,Afternoon,Economy,69,1.608695652173913,4.248495242049359,45558.02131089486,5.368045138316748,-0.27156111741573175,-0.6224555115317711,-0.8460532960372057,False,True,213.4432507972431,213.55286937675285,-0.10961857950974263
21,11,Rural,Silver,23,Afternoon,Economy,12,1.75,2.5649493574615367,1635.6274043616484,3.7243163506557675,-2.7546129974993017,-1.782386339219458,-1.1359328162303302,False,True,40.44289065289039,41.5471779873297,-1.1042873344393058
59,22,Rural,Regular,79,Morning,Premium,93,2.5652173913043477,4.543294782270004,119913.10013531387,5.850144932426131,0.16323698300661416,-0.1340635840843241,-0.35532379209870363,True,False,346.28470964700966,346.68256161806346,-0.39785197105379666
25,7,Suburban,Silver,13,Morning,Premium,81,3.125,4.406719247264253,81871.20814620407,5.659940133769145,-0.03819746679008674,-0.37825954780804766,-0.6063931081407312,True,False,286.13145256368443,284.6889128811138,1.4425396825706116
55,29,Suburban,Gold,92,Morning,Economy,44,1.8333333333333333,3.8066624897703196,33044.31000199615,5.208288384439102,-0.9232176337438066,-1.131197102622862,-0.9286414317790345,False,True,181.7809396003777,181.7305010493334,0.0504385510442944
48,23,Rural,Gold,0,Afternoon,Economy,174,2.0,5.1647859739235145,223321.97090397496,6.160298767339287,1.0798706702841327,1.5142591710508098,0.3271552618873203,False,True,472.56954081275165,472.9959455520314,-0.42640473927974654
53,12,Suburban,Gold,79,Night,Premium,154,4.076923076923077,5.043425116919247,440151.83380618267,6.4989436734479895,0.9008762591951962,1.1072658981779373,1.7581914835328727,True,False,663.4393972369918,666.7582624943781,-3.3188652573862782
37,6,Rural,Gold,59,Evening,Economy,20,5.285714285714286,3.044522437723423,7425.86431875155,4.467899867577573,-2.0472934943701744,-1.619589030070309,-1.0977183440838518,False,True,86.1734548382015,86.60829571856283,-0.4348408803613353
22,8,Rural,Regular,4,Morning,Economy,122,2.4444444444444446,4.812184355372417,166569.90915953624,6.014032391779647,0.5598206259824505,0.45607666158134114,-0.04739764757969841,False,True,408.1297699991221,409.8123260031023,-1.6825560039802099
64,46,Rural,Silver,51,Evening,Premium,29,1.3617021276595744,3.4011973816621555,20909.559831120925,4.980872631152275,-1.5212357265163445,-1.4364420572775163,-1.0087284954459699,True,False,144.60138253530263,144.98163632462368,-0.3802537893210456
26,11,Urban,Gold,10,Morning,Premium,69,2.1666666666666665,4.248495242049359,99127.19161596148,5.755250669758432,-0.27156111741573175,-0.6224555115317711,-0.49250687007915506,True,False,314.8447103191691,312.8556709040761,1.989039415093032
82,26,Urban,Gold,35,Morning,Economy,114,3.037037037037037,4.74493212836325,83659.21790039795,5.670704833347136,0.46063071364109326,0.2932793524321921,-0.5945925808117949,False,True,289.2390324634592,289.15833325886774,0.08069920459143987
79,24,Urban,Silver,0,Evening,Economy,82,3.16,4.418840607796598,81146.64748466811,5.655510947954452,-0.020319743744612026,-0.357909884164404,-0.6111750719235755,False,True,284.8625062809568,284.64511895859687,0.21738732235991165
72,19,Rural,Gold,89,Morning,Premium,45,3.6,3.828641396489095,33730.3765517745,5.2185071697017404,-0.8908010740587713,-1.1108474389792182,-0.9241135218774587,True,False,183.65831468184203,184.6907933717632,-1.032478689921163
61,5,Rural,Regular,48,Morning,Economy,29,10.166666666666666,3.4011973816621555,13033.340082427669,4.746354202149763,-1.5212357265163445,-1.4364420572775163,-1.0607100610806974,False,True,114.16365482248568,114.96596374885011,-0.8023089263644323
25,8,Suburban,Silver,83,Evening,Economy,121,2.7777777777777777,4.804021044733257,242754.5423525079,6.20193061950927,0.5477806073433173,0.4357269979376975,0.4554065703111412,False,True,492.701270906122,491.66809778647934,1.0331731196426404
93,43,Suburban,Regular,44,Afternoon,Premium,16,2.1136363636363638,2.833213344056216,10828.80437223539,4.6545462858312225,-2.3589520283682375,-1.7009876846448835,-1.075259581202006,True,False,104.06154127359152,103.81119016230615,0.2503511112853687
25,11,Rural,Silver,33,Night,Economy,94,2.0833333333333335,4.553876891600541,61095.26442164268,5.514132380213157,0.17884447354725522,-0.11371392044068047,-0.7435104203539755,False,True,247.17456265085752,245.42438885474056,1.750173796116968
67,6,Rural,Gold,15,Night,Economy,123,9.571428571428571,4.820281565605037,176924.4747658269,6.044113711250105,0.5717631535224477,0.47642632522498474,0.02094053353463503,False,True,420.6239113101238,421.54482049249015,-0.9209091823663584
26,7,Suburban,Gold,58,Afternoon,Economy,161,3.25,5.087596335232384,212299.10985397833,6.135043706339916,0.9660241281556367,1.2497135436834426,0.2544064568215468,False,True,460.75927538572483,460.16439840683114,0.5948769788936943
34,24,Urban,Silver,3,Morning,Economy,97,1.36,4.584967478670572,58928.39610881772,5.4961501539757345,0.22469979675755444,-0.05266492950974958,-0.7578113427531518,False,True,242.75171700488073,243.0541324863353,-0.30241548145457386
98,61,Urban,Silver,91,Night,Economy,95,1.5806451612903225,4.564348191467836,102363.12626762298,5.7712616042308245,0.19428853186513836,-0.09336425679703685,-0.47115031136798663,False,True,319.9423796054892,318.28439579260487,1.6579838128843107
79,29,Suburban,Silver,0,Morning,Economy,127,2.6333333333333333,4.852030263919617,164905.45415089437,6.009023300124732,0.6185891211197159,0.5578249797995593,-0.058382736878676296,False,True,406.0855256604137,409.68776853097415,-3.602242870560474
27,11,Suburban,Gold,88,Evening,Premium,144,2.25,4.976733742420574,338429.9029369384,6.367753617975237,0.8025135449084815,0.903769261741501,1.0868459148864276,True,False,581.7472844259253,582.2012445181717,-0.4539600922464615
55,19,Suburban,Silver,74,Morning,Economy,173,2.75,5.159055299214529,494087.27034405724,6.556655359908711,1.0714185320082716,1.4939095074071662,2.1141551975844473,False,True,702.9134159653356,702.9514775643255,-0.03806159898988426
76,8,Urban,Gold,40,Afternoon,Economy,157,8.444444444444445,5.062595033026967,315371.7394926508,6.332532781342485,0.9291498552213434,1.1683148891088682,0.9346663827327734,False,True,561.5796822292011,560.1254846049785,1.4541976242226156
57,38,Urban,Regular,31,Morning,Premium,64,1.4615384615384615,4.174387269895637,86939.68918628861,5.689870719867229,-0.38086252777232155,-0.7242038297499893,-0.5729420887100914,True,False,294.8553699465021,294.5062052488559,0.34916469764618796
77,46,Suburban,Regular,97,Afternoon,Premium,25,1.6382978723404256,3.258096538021482,22662.079283334508,5.020844963033187,-1.7322943154721855,-1.517840711852091,-0.9971621974200049,True,False,150.53929481479085,152.33098593972545,-1.7916911249346015
72,54,Rural,Regular,68,Afternoon,Economy,74,1.309090909090909,4.31748811353631,48619.51654860621,5.400415080827834,-0.16980393881648065,-0.5207071933135531,-0.8258480045754101,False,True,220.49833683863963,221.06160461422039,-0.5632677755807549
64,45,Rural,Gold,22,Night,Premium,118,1.391304347826087,4.77912349311153,163702.68740041475,6.005372105962797,0.5110593555320293,0.3746780070067666,-0.06632077070431922,True,False,404.6018875393621,402.18491101105707,2.4169765283050424
32,15,Urban,Gold,67,Evening,Premium,23,2.0,3.1780538303479458,17456.49209461622,4.891273654036632,-1.850348832189093,-1.558540039139378,-1.0315180915864355,True,False,132.1230187916406,132.93830520178324,-0.8152864101426474
49,20,Rural,Silver,52,Afternoon,Premium,162,2.3333333333333335,5.093750200806762,260739.82223112375,6.2375956316737176,0.9751004281389802,1.2700632073270863,0.5741060271951779,True,False,510.62689141008224,510.3229472790729,0.30394413100935935
56,15,Urban,Gold,34,Night,Premium,78,3.5,4.3694478524670215,98592.86291710316,5.752556780304119,-0.0931688268057726,-0.4393085387389785,-0.4960333387679991,True,False,313.99500460533307,312.90044236635805,1.0945622389750156
78,33,Urban,Silver,35,Morning,Premium,116,2.2941176470588234,4.762173934797756,126707.17096984995,5.877622350938326,0.48606055210000704,0.33397867971947937,-0.3104842053069538,True,False,355.9595074862446,357.09795447123105,-1.1384469849864445
68,23,Suburban,Gold,96,Morning,Economy,105,2.8333333333333335,4.663439094112067,128973.00162032574,5.886459837871795,0.3404371188222289,0.11013237963939944,-0.29553015013417555,False,True,359.1281131021709,359.23235037724135,-0.10423727507043168
57,45,Rural,Gold,78,Afternoon,Premium,112,1.2391304347826086,4.727387818712341,158158.88721215315,5.988189063934022,0.43475471497526286,0.25258002514490485,-0.10290880691290098,True,False,397.6919501475396,398.26399123932845,-0.572041091788833
54,39,Rural,Gold,88,Evening,Economy,42,1.35,3.7612001156935624,21734.53946768256,5.000089122245052,-0.990269820712855,-1.171896429910149,-1.0032837853574332,False,True,147.42638660593477,147.07486916666255,0.35151743927221446
38,13,Urban,Gold,38,Evening,Premium,28,2.7142857142857144,3.367295829986474,21064.91382366926,4.984548428860999,-1.5712369248184985,-1.45679172092116,-1.0077031883801522,True,False,145.13756861567327,145.11595020814738,0.02161840752589228
74,54,Urban,Regular,16,Afternoon,Premium,147,1.3454545454545455,4.997212273764115,381225.58213406027,6.427191573377086,0.8327172098156472,0.9648182526724318,1.3692893303887712,True,False,617.4346784349422,618.317263245952,-0.8825848110097922
56,20,Urban,Regular,74,Evening,Economy,25,2.6666666666666665,3.258096538021482,7913.204722083562,4.499322835444106,-1.7322943154721855,-1.517840711852091,-1.0945019892879537,False,True,88.95619552388443,89.35996182281758,-0.4037662989331494
25,7,Rural,Regular,24,Evening,Premium,144,3.125,4.976733742420574,244829.81011492823,6.206178265448343,0.8025135449084815,0.903769261741501,0.4691029463448068,True,False,494.8027992189699,495.2929701624751,-0.49017094350523394
44,18,Suburban,Gold,88,Night,Premium,50,2.3157894736842106,3.9318256327243257,39935.9233182355,5.302507296970799,-0.7386152535685836,-1.009099120761,-0.8831580829952866,True,False,199.83974409069756,197.33397745710113,2.505766633596437
29,13,Suburban,Gold,44,Evening,Premium,87,2.0714285714285716,4.477336814478207,71684.93089598599,5.593745921136235,0.06595596593946718,-0.2561615659461859,-0.673620617828179,True,False,267.7404170012177,265.6760950321272,2.0643219690904857
27,12,Suburban,Silver,1,Evening,Economy,41,2.076923076923077,3.7376696182833684,14276.043903903139,4.791503683968475,-1.0249748123430584,-1.1922460935537929,-1.0525084501148187,False,True,119.48239997549071,120.1592739701936,-0.6768739947028877
63,48,Rural,Regular,88,Morning,Economy,70,1.2857142857142858,4.2626798770413155,45258.62753477412,5.364763841089658,-0.250640283058016,-0.6021058478881276,-0.8480292385223848,False,True,212.74075193712673,213.55286937675285,-0.812117439626121
81,23,Urban,Gold,39,Evening,Economy,143,3.375,4.969813299576001,128919.14871621193,5.886251598299288,0.7923066246376769,0.8834195980978573,-0.2958855691497861,False,True,359.05312798555593,359.21464140518714,-0.16151341963120558
76,23,Rural,Regular,64,Night,Premium,115,3.1666666666666665,4.7535901911063645,319147.8539394053,6.338473443762335,0.473400439235733,0.3136290160758357,0.959588026264974,True,False,564.9317250247195,559.9063236265002,5.025401398219287
26,12,Rural,Silver,9,Afternoon,Economy,115,2.0,4.7535901911063645,103280.22276397301,5.775707414868011,0.473400439235733,0.3136290160758357,-0.46509764736933334,False,True,321.37240510655715,324.33991094511197,-2.967505838554814
27,6,Urban,Gold,2,Night,Economy,86,3.857142857142857,4.465908118654584,102593.18490026885,5.772380585668057,0.04909984998115552,-0.2765112295898295,-0.4696319677597219,False,True,320.30170917475436,324.13314998376063,-3.831440809006267
76,42,Rural,Gold,95,Morning,Economy,180,1.7674418604651163,5.198497031265826,262784.50362531573,6.241493641790684,1.1295909096192938,1.6363571529126715,0.5876005389642192,False,True,512.6251102173162,512.8093259407101,-0.18421572339389058
50,36,Suburban,Gold,18,Night,Economy,145,1.3513513513513513,4.983606621708336,327460.96298297256,6.351308052119678,0.812650313970314,0.9241189253851446,1.014452978890062,False,True,572.2420492964256,575.9444584778095,-3.702409181383814
52,22,Suburban,Gold,72,Morning,Premium,101,2.260869565217391,4.624972813284271,92296.40038736511,5.7196664091464005,0.2837034284585318,0.02873372506482493,-0.5375888045497256,True,False,303.8032264268519,305.11019957302585,-1.3069731461739593
96,58,Urban,Silver,25,Morning,Economy,85,1.6271186440677967,4.454347296253507,113278.34419224541,5.821768404272196,0.03204886131426038,-0.29686089323347314,-0.39911193063841766,False,True,336.5684836585942,334.30523522037953,2.263248438214646
75,28,Urban,Gold,49,Night,Economy,163,2.586206896551724,5.099866427824199,468623.3565139689,6.530237048412623,0.9841212152370293,1.2904128709707299,1.9460981663804373,False,True,684.5607033083104,686.8052963199625,-2.244593011652114
55,23,Urban,Gold,46,Afternoon,Premium,150,2.2916666666666665,5.017279836814924,428601.36719372874,6.485667582443147,0.862314740015549,1.0258672436033627,1.6819605812111573,True,False,654.6765363091367,652.7763028754409,1.9002334336958029
24,6,Urban,Regular,65,Afternoon,Premium,106,3.4285714285714284,4.672828834461906,150137.2924003887,5.9622302020827265,0.35428599139683775,0.13048204328304308,-0.15584982055997504,True,False,387.4755378090193,387.6651773944781,-0.18963958545884907
80,34,Suburban,Silver,84,Night,Economy,174,2.2857142857142856,5.1647859739235145,315213.21397108195,6.332281833860404,1.0798706702841327,1.5142591710508098,0.9336201441732693,False,True,561.43852198712,560.9012046812607,0.5373173058593466
23,10,Urban,Silver,80,Afternoon,Economy,22,2.090909090909091,3.1354942159291497,3533.7563542110056,4.101740585789639,-1.9131197560858872,-1.5788897027830218,-1.1234055229680846,False,True,59.44540650219332,57.614674460311264,1.830732041882058
71,8,Suburban,Silver,57,Night,Economy,75,7.888888888888889,4.330733340286331,62151.973144914824,5.522672082510205,-0.15026863212549332,-0.5003575296699094,-0.7365363419752363,False,True,249.302974601016,249.75202547200252,-0.4490508709865253
100,22,Suburban,Silver,45,Night,Premium,141,4.3478260869565215,4.955827057601261,304003.5149779533,6.314209308782664,0.7716783989691001,0.8427202708105701,0.8596382439027072,True,False,551.3651376156761,551.8906941924881,-0.5255565768120505
51,27,Urban,Gold,86,Evening,Premium,152,1.8214285714285714,5.030437921392435,222987.70064299248,6.159551384460881,0.8817215212310704,1.06656657089065,0.3249491411764449,True,False,472.21573527678265,473.35971230301453,-1.1439770262318802
68,46,Urban,Gold,8,Afternoon,Economy,116,1.446808510638298,4.762173934797756,132613.81279758352,5.900340528811663,0.48606055210000704,0.33397867971947937,-0.27150148267531315,False,True,364.1617948077249,365.0621424625879,-0.9003476548629692
45,13,Rural,Regular,96,Night,Economy,112,3.2142857142857144,4.727387818712341,154630.4847382592,5.976936597710472,0.43475471497526286,0.25258002514490485,-0.12619559811916248,False,True,393.23082882482544,393.43393166508287,-0.2031028402574293
92,45,Rural,Silver,59,Morning,Premium,121,2.0,4.804021044733257,330503.04102223204,6.355923509944809,0.5477806073433173,0.4357269979376975,1.034530120502314,True,False,574.8939389332888,573.9910872638525,0.9028516694363589
35,22,Rural,Silver,82,Afternoon,Economy,174,1.5217391304347827,5.1647859739235145,344332.9059867293,6.376384820185921,1.0798706702841327,1.5142591710508098,1.1258046222695743,False,True,586.7988633141078,585.433746204855,1.3651171092528784
79,11,Urban,Regular,1,Night,Premium,45,6.583333333333333,3.828641396489095,44207.9049877447,5.353074264172406,-0.8908010740587713,-1.1108474389792182,-0.8549638092663461,True,False,210.2567596719419,210.9955272423235,-0.7387675703816114
25,11,Urban,Silver,92,Night,Economy,115,2.0833333333333335,4.7535901911063645,96195.88599711451,5.7402899470796225,0.473400439235733,0.3136290160758357,-0.5118529345978373,False,True,310.15461627568027,311.4456793959809,-1.2910631203006346
84,54,Suburban,Silver,59,Afternoon,Premium,43,1.5272727272727273,3.784189633918261,38539.63479070397,5.284802153731914,-0.9563627160876496,-1.1515467662665055,-0.8923733240696534,True,False,196.315141521748,197.79762543521895,-1.4824839134709578
75,32,Urban,Silver,20,Evening,Premium,96,2.272727272727273,4.574710978503383,193991.12655476437,6.0900517102233405,0.20957254524848587,-0.07301459315339322,0.13357721819276444,True,False,440.4442377359072,441.5839372100541,-1.1396994741468802
83,50,Rural,Regular,7,Evening,Premium,100,1.6274509803921569,4.61512051684126,141601.7352000429,5.933040786149993,0.2691723346345292,0.0083840614211813,-0.21218288908721603,True,False,376.3000600585163,379.64792958516546,-3.3478695266491627
65,40,Urban,Silver,48,Evening,Economy,121,1.5853658536585367,4.804021044733257,242575.55876724713,6.201562579299019,0.5477806073433173,0.4357269979376975,0.45422531238771724,False,True,492.51960241928157,491.66809778647934,0.8515046328022322
87,47,Rural,Silver,6,Morning,Premium,162,1.8125,5.093750200806762,552519.6240570572,6.612466532761063,0.9751004281389802,1.2700632073270863,2.499797717300566,True,False,743.3166378180011,743.5064854418761,-0.18984762387492538
47,9,Suburban,Gold,38,Morning,Economy,141,4.7,4.955827057601261,295686.089355404,6.300364153863155,0.7716783989691001,0.8427202708105701,0.8047448026700346,False,True,543.7702542024562,543.1055783891105,0.6646758133456387
41,6,Urban,Silver,56,Night,Economy,11,5.857142857142857,2.4849066497880004,2424.0639556762358,3.91670769514429,-2.872667514216209,-1.8027360028631016,-1.1307292836158704,False,True,49.23478400151904,49.7287250698208,-0.49394106830175843
57,37,Urban,Gold,59,Evening,Economy,159,1.5,5.075173815233827,343170.53036673873,6.374696977640296,0.9477022267924644,1.2090142163961555,1.1181331622912298,False,True,585.8075881778409,583.6613785950918,2.1462095827490657
21,9,Suburban,Gold,13,Evening,Economy,127,2.1,4.852030263919617,185977.94052465472,6.0690078208128675,0.6185891211197159,0.5578249797995593,0.08069170091951491,False,True,431.25159770678516,433.4341935373642,-2.1825958305790323
44,32,Suburban,Silver,51,Afternoon,Premium,168,1.3333333333333333,5.1298987149230735,317138.93568319187,6.335321768136162,1.028415658071492,1.392161189188948,0.9463295444650616,True,False,563.1508995670628,561.3914786847071,1.7594208823556983
80,31,Suburban,Silver,91,Evening,Premium,127,2.5,4.852030263919617,153901.45554522154,5.974579697091821,0.6185891211197159,0.5578249797995593,-0.13100705336757737,True,False,392.3027600530252,393.66923852648665,-1.3664784734614273
27,6,Rural,Regular,74,Afternoon,Premium,157,3.857142857142857,5.062595033026967,536261.111694373,6.597552866861451,0.9291498552213434,1.1683148891088682,2.3924946005174013,True,False,732.2985126943611,731.8464737071109,0.45203898725014824
28,14,Rural,Silver,77,Afternoon,Economy,98,1.8666666666666667,4.59511985013459,140366.5059954849,5.928671655593255,0.23967346945742696,-0.032315265866105954,-0.22033516899044192,False,True,374.65518279544057,379.6528125124422,-4.997629717001644
42,10,Urban,Silver,56,Night,Premium,95,3.8181818181818183,4.564348191467836,207215.94850686088,6.122952758900373,0.19428853186513836,-0.09336425679703685,0.22085855013180083,True,False,455.20978516158993,453.3890489985585,1.8207361630314267
32,14,Suburban,Silver,80,Afternoon,Premium,80,2.1333333333333333,4.394449154672439,65000.05172269399,5.544986321201701,-0.05629455387147804,-0.39860921145169126,-0.7177395602388899,True,False,254.95107711616745,251.75367800929294,3.1973991068745136
39,18,Suburban,Gold,78,Afternoon,Economy,165,2.0526315789473686,5.111987788356544,539336.1908294637,6.6004079316579745,1.001998938282504,1.3311121982580172,2.4127895431412685,False,True,734.3951190125545,734.6545350214004,-0.2594160088459603
87,41,Rural,Gold,97,Afternoon,Premium,37,2.0714285714285716,3.6375861597263857,25246.661319585837,5.074498462456032,-1.1725873141526093,-1.2736447481283673,-0.9801044431873318,True,False,158.89198003545002,158.98093609997127,-0.08895606452125548
28,9,Urban,Silver,26,Night,Premium,114,2.8,4.74493212836325,218062.91773599852,6.148408622831325,0.46063071364109326,0.2932793524321921,0.29244650233638925,True,False,466.97207382883016,467.033316135625,-0.06124230679483844
35,20,Suburban,Regular,62,Afternoon,Economy,117,1.6666666666666667,4.770684624465665,88260.92552788288,5.697386745019743,0.498612918016593,0.35432834336312297,-0.5642221779151998,False,True,297.08740385260836,297.83802180284204,-0.750617950233675
62,21,Rural,Regular,61,Night,Economy,56,2.8181818181818183,4.04305126783455,46411.752308730924,5.377285050067289,-0.5745692213800708,-0.8870011388991383,-0.8404188323840326,False,True,215.43386992005435,216.34541869626997,-0.9115487762156249
90,75,Urban,Gold,88,Afternoon,Economy,106,1.1842105263157894,4.672828834461906,223300.28060281707,6.160250304688202,0.35428599139683775,0.13048204328304308,0.3270121099884081,False,True,472.5465909334412,472.70590145927457,-0.15931052583334804
61,12,Rural,Gold,59,Afternoon,Premium,178,4.6923076923076925,5.187385805840755,338690.51325749594,6.368137837979896,1.1132030288764354,1.5956578256253844,1.088565893875764,True,False,581.9712306098095,582.1967030394118,-0.2254724296022914
73,14,Urban,Gold,28,Evening,Economy,29,4.866666666666666,3.4011973816621555,14154.588621882762,4.78726720413088,-1.5212357265163445,-1.4364420572775163,-1.0533100320812276,False,True,118.97305838669004,120.16107431535913,-1.1880159286690883
21,7,Rural,Regular,6,Afternoon,Premium,180,2.625,5.198497031265826,699090.6653878713,6.729963151093733,1.1295909096192938,1.6363571529126715,3.467138960712692,True,False,836.1164185613577,827.5343765136445,8.58204204771323
40,15,Urban,Regular,90,Night,Premium,42,2.5,3.7612001156935624,44743.98006212996,5.3590724684427835,-0.990269820712855,-1.171896429910149,-0.8514258148282245,True,False,211.52772882563164,210.69253577948828,0.8351930461433597
58,20,Rural,Silver,42,Evening,Economy,125,2.761904761904762,4.836281906951478,277917.91015380056,6.269435622293296,0.5953619624565956,0.517125652512272,0.6874781693297207,False,True,527.1792011771715,529.7862642007003,-2.607063023528781
38,12,Rural,Silver,44,Evening,Economy,110,2.923076923076923,4.709530201312334,127364.33555264043,5.880201653983461,0.4084166205610698,0.2118806978576176,-0.3061470429393333,False,True,356.88140264328763,357.7025605808531,-0.8211579375654878
91,59,Urban,Silver,68,Night,Economy,15,1.5166666666666666,2.772588722239781,1469.6311228783939,3.6721342370706043,-2.4483669249616318,-1.721337348288527,-1.137028360396994,False,True,38.335768192099586,38.393646001594405,-0.05787780949481913
88,46,Rural,Gold,35,Afternoon,Premium,72,1.872340425531915,4.290459441148391,131033.51738217661,5.894362946297266,-0.20966836805680206,-0.5614065206008403,-0.28193113452344276,True,False,361.9855209565386,364.1862150993214,-2.2006941427827655
96,80,Urban,Regular,47,Morning,Economy,70,1.1851851851851851,4.2626798770413155,31400.926538567535,5.182923719306358,-0.250640283058016,-0.6021058478881276,-0.9394874528516961,False,True,177.2030658272241,174.7458116754068,2.4572541518172955
34,22,Suburban,Gold,34,Morning,Economy,176,1.4782608695652173,5.176149732573829,381137.3435882239,6.427076017052728,1.0966310107891302,1.554958498338097,1.3687069726196566,False,True,617.3632185255483,617.8126965397066,-0.44947801415833055
61,45,Rural,Gold,42,Afternoon,Economy,102,1.326086956521739,4.634728988229636,178071.56133068784,6.047337336791054,0.29809275325346857,0.04908338870846855,0.028511088631187058,False,True,421.9852619827948,422.28535417179046,-0.30009218899567713
37,10,Suburban,Gold,27,Afternoon,Economy,143,3.3636363636363638,4.969813299576001,262604.38009053894,6.24115147088316,0.7923066246376769,0.8834195980978573,0.5864117575888758,False,True,512.4493927116499,513.0747018367811,-0.6253091251311389
84,37,Urban,Gold,3,Evening,Premium,69,2.210526315789474,4.248495242049359,61974.935114501546,5.521251517421764,-0.27156111741573175,-0.6224555115317711,-0.7377047596034135,True,False,248.94765537056477,249.7977327659753,-0.8500773954105227
38,28,Urban,Gold,8,Morning,Economy,29,1.3103448275862069,3.4011973816621555,9028.839711535918,4.564558657433385,-1.5212357265163445,-1.4364420572775163,-1.0871390086603197,False,True,95.02020685904614,95.67954607189236,-0.6593392128462199
51,25,Rural,Regular,21,Evening,Premium,38,1.9615384615384615,3.6635616461296463,40103.37034653577,5.304588954571644,-1.1342762226996475,-1.2532950844847237,-0.8820529641731035,True,False,200.2582591219043,197.37055525545225,2.887703866452057
54,16,Suburban,Regular,8,Afternoon,Premium,67,3.176470588235294,4.219507705176107,70792.4945493178,5.587505516546898,-0.31431466431400545,-0.6631548388190585,-0.6795105294874931,True,False,266.06858993371964,265.90224502074847,0.16634491297116938
69,7,Urban,Regular,51,Afternoon,Premium,103,8.625,4.6443908991413725,214057.09239577735,6.139158090402753,0.312343048582046,0.06943305235211218,0.26600881020895606,True,False,462.66304412150487,459.97754659201377,2.6854975294911014
44,11,Rural,Regular,56,Afternoon,Premium,18,3.6666666666666665,2.9444389791664403,10972.98361147765,4.661096825399329,-2.1949059961797253,-1.6602883573575962,-1.0743080254015118,True,False,104.7520100593666,104.17616089297731,0.5758491663892897
100,66,Suburban,Gold,27,Evening,Premium,106,1.492537313432836,4.672828834461906,169954.6853364572,6.024066304178568,0.35428599139683775,0.13048204328304308,-0.025058762859186456,True,False,412.2556067980848,413.32674940683046,-1.0711426087456744
84,59,Suburban,Silver,67,Morning,Premium,164,1.4,5.10594547390058,576075.1150710299,6.6333133322480204,0.993087164384753,1.3107625346143734,2.6552595176654177,True,False,758.996123225297,767.817813736489,-8.82169051119206
95,56,Rural,Silver,86,Morning,Premium,147,1.6666666666666667,4.997212273764115,450873.5844199205,6.510959298557325,0.8327172098156472,0.9648182526724318,1.828953016480155,True,False,671.4712089285144,670.108831045155,1.3623778833594997
100,85,Suburban,Silver,59,Evening,Economy,110,1.1627906976744187,4.709530201312334,108559.51722592904,5.80055737862856,0.4084166205610698,0.2118806978576176,-0.4302552990937217,False,True,329.48371314213557,329.9833429584464,-0.4996298163108577
59,24,Suburban,Regular,40,Afternoon,Premium,147,2.36,4.997212273764115,398958.0953822113,6.44988778328921,0.8327172098156472,0.9648182526724318,1.486320575159509,True,False,631.631297025576,630.3362993906895,1.2949976348864993
49,6,Suburban,Gold,18,Night,Premium,148,7.0,5.003946305945459,196936.26822412034,6.097568580902654,0.8426491941004264,0.9851679163160755,0.15301459803664172,True,False,443.7750198288771,442.439420148367,1.3355996805100858
32,6,Urban,Silver,13,Afternoon,Economy,53,4.571428571428571,3.9889840465642745,30236.853774750067,5.16414276403372,-0.6543126466440166,-0.9480501298300692,-0.9471701136593781,False,True,173.88747446193497,172.76071241906004,1.1267620428749296
57,40,Urban,Regular,78,Afternoon,Economy,171,1.3902439024390243,5.147494476813453,584606.0360767649,6.640653755207698,1.0543675433413764,1.453210180119879,2.7115619881821735,False,True,764.5953413909642,767.2453690040049,-2.65002761304072
42,6,Rural,Silver,21,Night,Premium,128,6.0,4.859812404361672,159195.70497137596,5.991447958396916,0.6300669540867989,0.5781746434432029,-0.0960660051473416,True,False,398.9933645706102,398.5073043505459,0.48606022006430294
94,71,Rural,Regular,48,Night,Premium,169,1.3055555555555556,5.135798437050262,594245.6823528862,6.648820449064555,1.0371171233858592,1.4125108528325916,2.7751818364832435,True,False,770.873324452783,774.6573733732725,-3.7840489204895675
28,18,Urban,Gold,100,Afternoon,Premium,92,1.4736842105263157,4.532599493153256,145953.36858855188,5.9481353460951,0.14746256426787022,-0.15441324772796772,-0.18346292902762257,True,False,382.03843862699455,383.36305042101304,-1.3246117940184945
29,17,Urban,Silver,76,Morning,Economy,166,1.6111111111111112,5.117993812416755,454455.09626129933,6.514909482819742,1.0108571876899368,1.3514618619016607,1.8525903195004367,False,True,674.1328476356118,679.8824805130923,-5.749632877480508
92,37,Rural,Silver,7,Morning,Premium,103,2.4210526315789473,4.6443908991413725,188851.99821185702,6.076657930680523,0.312343048582046,0.06943305235211218,0.09965993988086257,True,False,434.57105082121745,435.0067923427823,-0.43574152156486434
40,29,Urban,Regular,72,Afternoon,Economy,147,1.3333333333333333,4.997212273764115,390607.51273274474,6.4393280226548795,0.8327172098156472,0.9648182526724318,1.4312083037994467,False,True,624.9860100296205,619.000986424768,5.985023604852472
36,23,Urban,Silver,42,Morning,Economy,14,1.5,2.70805020110221,1982.4788853545333,3.8182624298442778,-2.5435544085434607,-1.7416870119321708,-1.1336436618390087,False,True,44.525036612613064,44.89143894605719,-0.3664023334441282
31,7,Rural,Regular,22,Afternoon,Premium,172,3.875,5.153291594497779,649670.2880017769,6.693350025037734,1.0629176779690743,1.4735598437635224,3.14097378595173,True,False,806.0212701919083,809.9845504163377,-3.9632802244293543
22,6,Urban,Silver,82,Morning,Premium,172,3.142857142857143,5.153291594497779,505356.50753827946,6.567915417524798,1.0629176779690743,1.4735598437635224,2.1885300387589792,True,False,710.8843137517381,712.6382609398801,-1.7539471881419786
21,7,Rural,Regular,58,Morning,Premium,75,2.625,4.330733340286331,107884.8922013747,5.797449963180267,-0.15026863212549332,-0.5003575296699094,-0.4347076970856034,True,False,328.4583568755325,329.4131679305624,-0.9548110550298929
28,8,Urban,Regular,67,Afternoon,Premium,58,3.111111111111111,4.07753744390572,93173.08616308153,5.724377819253069,-0.523705764010523,-0.8463018116118511,-0.531802843689632,True,False,305.2426676647311,305.38884929886785,-0.14618163413678076
81,35,Suburban,Regular,45,Night,Economy,174,2.25,5.1647859739235145,502511.0559324516,6.565096141909317,1.0798706702841327,1.5142591710508098,2.1697505945423146,False,True,708.8801421484815,712.0839825391101,-3.2038403906286703
83,14,Urban,Regular,80,Night,Premium,64,5.533333333333333,4.174387269895637,87372.68608839547,5.692346367718632,-0.38086252777232155,-0.7242038297499893,-0.5700843907782587,True,False,295.58871103003145,295.83774676442073,-0.24903573438928106
86,18,Suburban,Silver,61,Afternoon,Premium,126,4.526315789473684,4.844187086458591,195043.99685549652,6.092751957478811,0.6070212650139127,0.5374753161559156,0.14052596370630138,True,False,441.6378571357946,442.1187556565349,-0.48089852074031114
59,37,Rural,Silver,86,Night,Premium,95,1.5526315789473684,4.564348191467836,115687.23808153931,5.832258556414967,0.19428853186513836,-0.09336425679703685,-0.38321368505757286,True,False,340.1282671016028,341.8339966726872,-1.7057295710844187
30,13,Rural,Gold,8,Afternoon,Economy,94,2.142857142857143,4.553876891600541,75449.30865401642,5.619242134661769,0.17884447354725522,-0.11371392044068047,-0.6487764342291329,False,True,274.68037544392655,275.07507705022954,-0.3947016063029878
100,64,Rural,Regular,7,Night,Premium,115,1.5384615384615385,4.7535901911063645,240594.2485435994,6.197470232473331,0.473400439235733,0.3136290160758357,0.4411490383984867,True,False,490.50407597042386,490.76202690758936,-0.25795093716550355
74,30,Urban,Regular,97,Evening,Economy,179,2.3870967741935485,5.19295685089021,630949.2683839712,6.6787485114433816,1.1214197303104254,1.616007489269028,3.0174185854796454,False,True,794.323151106633,787.1368276060867,7.186323500546223
25,6,Urban,Regular,69,Evening,Premium,94,3.5714285714285716,4.553876891600541,158445.1765491234,5.989091047514501,0.17884447354725522,-0.11371392044068047,-0.10101935125586313,True,False,398.05172597179296,397.7526919605252,0.2990340112677359
100,54,Suburban,Regular,91,Night,Premium,61,1.8181818181818181,4.127134385045092,41255.01090622207,5.318675210955455,-0.45055552850466835,-0.7852528206809202,-0.874452353569155,True,False,203.11329573964883,202.94636960306798,0.1669261365808552
83,43,Suburban,Regular,20,Morning,Economy,63,1.8863636363636365,4.1588830833596715,71439.77289583621,5.592039400840434,-0.4037295609074002,-0.744553493393633,-0.6752386144156635,False,True,267.2821971172719,265.76254334123223,1.519653776039661
40,6,Rural,Gold,37,Afternoon,Premium,148,5.714285714285714,5.003946305945459,501059.2576183771,6.563651546850743,0.8426491941004264,0.9851679163160755,2.160168999340635,True,False,707.8553931548286,703.9419948353855,3.913398319443104
43,14,Suburban,Regular,1,Night,Premium,134,2.8666666666666667,4.90527477843843,421083.8544611958,6.476833496207563,0.6971191410558479,0.7002726253050646,1.632346414265029,True,False,648.9097429236176,649.1440294200104,-0.23428649639276955
67,18,Urban,Silver,78,Morning,Premium,22,3.526315789473684,3.1354942159291497,11392.550777962913,4.679682793650532,-1.9131197560858872,-1.5788897027830218,-1.0715389611932093,True,False,106.73589264143018,108.62255360166913,-1.8866609602389417
66,6,Rural,Regular,23,Evening,Economy,45,9.428571428571429,3.828641396489095,29983.607861076216,5.159961522160387,-0.8908010740587713,-1.1108474389792182,-0.9488414889515094,False,True,173.15775426204914,172.97441721333223,0.1833370487169077
65,10,Urban,Regular,77,Afternoon,Economy,170,5.909090909090909,5.14166355650266,185231.66821190747,6.067002093889314,1.0457675534195838,1.4328605164762354,0.07576644433143058,False,True,430.3854879197338,433.53467222151164,-3.1491843017778365
44,17,Rural,Regular,15,Evening,Economy,98,2.4444444444444446,4.59511985013459,124848.12746909993,5.870252798283177,0.23967346945742696,-0.032315265866105954,-0.3227535419729456,False,True,353.3385451222381,356.00077078076214,-2.6622256585240507
31,21,Suburban,Silver,77,Afternoon,Economy,107,1.4090909090909092,4.68213122712422,151620.29531616627,5.967132172182906,0.36800603538309945,0.1508317069266867,-0.1460622808692783,False,True,389.3845083155805,388.0318481498815,1.3526601656989783
30,7,Rural,Regular,85,Evening,Economy,44,3.75,3.8066624897703196,33897.261575042234,5.220961531890872,-0.9232176337438066,-1.131197102622862,-0.9230121121825496,False,True,184.11208970364277,184.80999449621797,-0.6979047925752013
55,12,Urban,Silver,96,Morning,Premium,48,4.230769230769231,3.8918202981106265,33587.95362374723,5.216402972393283,-0.7976188852695623,-1.0497984480482874,-0.9250534863550075,True,False,183.27016566737547,184.22922288460745,-0.9590572172319867
99,22,Suburban,Silver,7,Morning,Economy,39,4.304347826086956,3.6888794541139363,17277.41660659165,4.886156797514575,-1.096935137261767,-1.23294542084108,-1.0326999560507766,False,True,131.44358716419617,132.7812171675904,-1.3376300033942243
100,50,Urban,Regular,20,Evening,Economy,127,1.9607843137254901,4.852030263919617,122658.65982803074,5.861431552387746,0.6185891211197159,0.5578249797995593,-0.33720361567844787,False,True,350.22658355417684,350.1861057999375,0.04047775423936173
29,6,Suburban,Silver,24,Afternoon,Economy,50,4.142857142857143,3.9318256327243257,38992.00033642553,5.290607328479445,-0.7386152535685836,-1.009099120761,-0.8893877967410494,False,True,197.4639216070255,197.48742355014974,-0.023501943124244917
67,48,Rural,Regular,94,Evening,Premium,168,1.3673469387755102,5.1298987149230735,296592.18884281244,6.3018912032697925,1.028415658071492,1.392161189188948,0.8107248884826641,True,False,544.6027807887251,544.223238451056,0.37954233766913603
26,11,Urban,Regular,97,Morning,Economy,141,2.1666666666666665,4.955827057601261,182376.0253023461,6.059251834986839,0.7716783989691001,0.8427202708105701,0.056919739431235725,False,True,427.05506120680275,433.05862672063233,-6.003565513829585
50,40,Rural,Silver,61,Evening,Premium,73,1.2195121951219512,4.30406509320417,101831.81943428768,5.768667757359164,-0.18960147221146745,-0.5410568569571966,-0.4746568363140155,True,False,319.1109829421225,317.9390644811796,1.1719184609428908
97,66,Urban,Silver,90,Evening,Premium,150,1.4477611940298507,5.017279836814924,514759.3581657856,6.57712022364898,0.862314740015549,1.0258672436033627,2.250587080416348,True,False,717.4673220194669,716.3325606385056,1.1347613809613222
58,14,Rural,Gold,10,Morning,Economy,95,3.8666666666666667,4.564348191467836,66571.4614082423,5.556883889053494,0.19428853186513836,-0.09336425679703685,-0.7073685525328226,False,True,258.014459688294,258.8709095037767,-0.8564498154827334
75,56,Urban,Regular,66,Evening,Premium,22,1.3157894736842106,3.1354942159291497,15497.909611363066,4.83223085930501,-1.9131197560858872,-1.5788897027830218,-1.0444443667733543,True,False,124.4906004940255,124.68335873868062,-0.19275824465512414
40,23,Urban,Silver,6,Night,Economy,178,1.6666666666666667,5.187385805840755,279426.49472329544,6.272137247876861,1.1132030288764354,1.5956578256253844,0.6974345431126825,False,True,528.60807288888,529.8247856669764,-1.2167127780963938
57,28,Urban,Gold,27,Afternoon,Economy,107,1.9655172413793103,4.68213122712422,179360.59929160474,6.050935226618231,0.36800603538309945,0.1508317069266867,0.03701849618316329,False,True,423.5098573724167,422.8754849972595,0.634372375157227
53,27,Suburban,Regular,78,Night,Premium,58,1.8928571428571428,4.07753744390572,77894.04595886394,5.635129003609758,-0.523705764010523,-0.8463018116118511,-0.6326416288622967,True,False,279.09504825213924,279.3203520843897,-0.2253038322504608
83,26,Suburban,Gold,77,Night,Premium,74,3.074074074074074,4.31748811353631,139857.77614149483,5.926861052550874,-0.16980393881648065,-0.5207071933135531,-0.2236926901286654,True,False,373.9756357591961,378.75498703630353,-4.779351277107423
37,12,Rural,Silver,15,Evening,Economy,142,2.8461538461538463,4.962844630259907,136428.0350506649,5.91447998467152,0.782028575428912,0.8630699344542136,-0.24632833480486638,False,True,369.36165888010754,371.8705622712193,-2.508903391111744
41,7,Urban,Gold,4,Night,Economy,83,5.125,4.430816798843313,133162.26831850482,5.9023984863499965,-0.0026561303159429945,-0.3375602205207604,-0.2678817796238297,False,True,364.9140560714328,364.74098918700196,0.1730668844308525
27,12,Suburban,Silver,64,Evening,Economy,149,2.076923076923077,5.0106352940962555,446152.43068715936,6.505703979204179,0.8525147432106354,1.0055175799597191,1.7977942918049226,False,True,667.9464280068867,667.8533181597044,0.09310984718229065
90,45,Urban,Silver,13,Night,Premium,90,1.9565217391304348,4.51085950651685,80802.19726583692,5.653391485426369,0.1153983864009646,-0.19511257501525497,-0.6134483784372795,True,False,284.25727302188216,284.0786220603715,0.17865096151064108
58,19,Urban,Silver,47,Evening,Economy,77,2.9,4.356708826689592,61227.544264740405,5.515209425218228,-0.11195754067253152,-0.45965820238262217,-0.7426373983249397,False,True,247.44200182010403,244.67941572231422,2.762586097789807
